ano,uf,candidato_pesquisa,candidato_resultado
2010,AC,Jorge Viana (PT),Jorge Viana PT
2010,AC,Petecão (PMN),Sergio de Oliveira Cunha (Petecão) PMN
2010,AC,Edvaldo Magalhães (PC do B),Edvaldo Magalhães PCdoB
2010,AC,João Correia (PMDB),João Corrêia PMDB
2010,AC,Cezar Henrique (Psol),
2010,AL,Renan Calheiros,Renan Calheiros (PMDB)
2010,AL,Heloisa Helena (Psol),Heloisa Helena (PSOL)
2010,AL,Benedito de Lira (PP),Benedito de Lira (PP)
2010,AL,Eduardo Bomfim (PC do B),Eduardo Bonfim (PCdoB)
2010,AL,Zé Costa (PPS),Zé Costa (PPS)
2010,AL,Alvaro Vasconcelos (PTB),Alvaro Vasconscelos (PTB)
2010,AL,Afonso Lacerda (PRTB),Afonso Lacerda (PRTB)
2010,AL,Diógenes Paes (PCB),Diógenes Paes (PCB)
2010,AL,Flavio Emilio (PTB),Flavio Emilio (PTB)
2010,AL,Paulo Nunes (PRTB),Paulo Nunes (PRTB)
2010,AM,Eduardo Braga (PMDB),Eduardo Braga PMDB
2010,AM,Vanessa Graziotin (PCdoB),Vanessa Grazziotin PCdoB
2010,AM,Arthur Virgílio (PSDB),Artur Virgílio Neto PSDB
2010,AM,Jefferson Praia (PDT),Jefferson Praia PDT
2010,AM,Marilene Corrêa (PT),Marilene Correia PT
2010,AM,Francisco Castelo (PCB),Tarcísio Leão PSTU
2010,AM,Evandro Carrera (Psol),Marilene Correia PT
2010,AP,Capiberibe (PSB),João Capiberibe PSB
2010,AP,Gilvam Borges (PMDB),Gilvam Borges PMDB
2010,AP,Randolfe (Psol),Randolfe Rodrigues PSOL
2010,AP,Waldez (PDT),Waldez Góes PDT
2010,AP,Papaleo (PSDB),Papaléo Paes PSDB
2010,AP,Professor Marcos (PT),Professor Marcos PT
2010,AP,Claudio Vigilante (PSTU),Claudio Vigilante PSTU
2010,BA,Amostragem,
2010,BA,César Borges (PR),César Borges (PR)
2010,BA,Lídice da Mata (PSB),Lídice da Mata (PSB)
2010,BA,Walter Pinheiro (PT),Walter Pinheiro (PT)
2010,BA,José Carlos Aleluia (DEM),José Carlos Aleluia (DEM)
2010,BA,José Ronaldo (DEM),Zé Ronaldo (DEM)
2010,BA,Evaldo Brito (PTB),Edvaldo Brito (PTB)
2010,BA,Edson Duarte (PV),Edson Duarte (PV)
2010,BA,Zilmar (Psol),Zilmar da Silva (PSOL)
2010,BA,França (Psol),Luís Carlos França (PSOL)
2010,BA,Albione (PSTU),Albione Silva (PSTU)
2010,BA,Carlos Sampaio (PCB),Luís Carlos França (PSOL)
2010,CE,Tasso Jereissati (PSDB),Tasso Jereissati (PSDB)
2010,CE,Eunício de Oliveira (PMDB),Eunício Oliveira (PMDB)
2010,CE,José Pimentel (PT),José Pimentel (PT)
2010,CE,Alexandre Pereira (PPS),Alexandre Pereira (PPS)
2010,CE,Marilene Torres (Psol),Marilene Torres (PSOL)
2010,CE,Tarcísio Leitão (PCB),Tasso Jereissati (PSDB)
2010,CE,Raquel Dias (PSTU),Raquel Dias (PSTU)
2010,CE,Reginaldo Araújo (PSTU),Reginaldo (PSTU)
2010,CE,"Paulo Eduardo Teixeira, o Pólo (PV)",
2010,CE,Benedito Oliveira (PCB),Benedito Oliveira (PCB)
2010,CE,01/09 - Tasso Jereissati (PSDB),Tasso Jereissati (PSDB)
2010,DF,Cristovam Buarque (PDT),Cristovam Buarque PDT
2010,DF,Rodrigo Rollemberg (PSB),Rodrigo Rollemberg PSB
2010,DF,Alberto Fraga (DEM),Alberto Fraga DEM
2010,DF,Maria Abadia (PSDB),
2010,DF,Pastor (Milton Tadashi (PTN),Milton Tadashi PTN
2010,DF,Chico Sant'anna (Psol),Chico Sant'Anna PSOL
2010,DF,Rosana Chaib (PCB),Robson da Silva PSTU
2010,DF,Gerônimo (PSL),Sebastião Gerônimo PSL
2010,DF,Moacir Bueno (PV),Moacir Bueno PV
2010,DF,Jorge Antunes (Psol),Jorge Antunes PSOL
2010,DF,Cadu Valadares (PV),Cadu Valadares PV
2010,DF,Pastor Milton Tadashi (PTN),Milton Tadashi PTN
2010,DF,Robson (PSTU),Robson da Silva PSTU
2010,ES,Magno Malta (PR),Magno Malta PR
2010,ES,Ricardo Ferraço (PMDB),Ricardo Ferraço PMDB
2010,ES,Rita Camata (PSDB),Rita Camata PSDB
2010,ES,Professor Renato (Psol),Ricardo Ferraço PMDB
2010,ES,José Carlos Gratz (PSL),
2010,GO,Demóstenes (DEM),Demóstenes Torres[nota 1] DEM
2010,GO,Lúcia (PSDB),Lúcia Vânia PSDB
2010,GO,Pedro (PT),Pedro Wilson Guimarães PT
2010,GO,Paulo Roberto (PP),Paulo Roberto Cunha PP
2010,GO,Adib (PMDB),Adib Elias PMDB
2010,GO,Renner (PP),Renner Reis[nota 3] PP
2010,GO,Elias Vaz (PSOL),Elias Vaz PSOL
2010,GO,Rubens Donizzeti (PSTU),Rubens Donizzeti PSTU
2010,GO,Bispo (PCB),Bernardo Bispo PCB
2010,GO,Demóstenes Torres (DEM),Demóstenes Torres[nota 1] DEM
2010,GO,Lúcia Vânia (PSDB),Lúcia Vânia PSDB
2010,GO,Pedro Wilson (PT),Pedro Wilson Guimarães PT
2010,GO,Adib Elias (PMDB),Adib Elias PMDB
2010,GO,Paulo Roberto Cunha (PP),Paulo Roberto Cunha PP
2010,GO,Elias Vaz (Psol),Elias Vaz PSOL
2010,GO,Bernardo Bispo (PCB),Bernardo Bispo PCB
2010,MA,Edison Lobão (PMDB),Edison Lobão
2010,MA,João Alberto,João Alberto
2010,MA,Zé Reinaldo (PSB),Zé Reinaldo
2010,MA,Edson Vidigal (PSDB),Vidigal
2010,MA,Roberto Rocha (PSDB),Roberto Rocha
2010,MA,Professor Adonilson (PC do B),Prof. Adonilson
2010,MA,Noleto (PSTU),Noleto
2010,MA,Charles Vieira (PCB),Charles Vieira
2010,MA,Professora Socorro (Psol),Professora Socorro
2010,MA,Claudicea Durans (PSTU),Claudicea Durans
2010,MA,Paulo Rios (Psol),Paulo Rios
2010,MG,Aécio Neves (PSDB),Aécio Neves PSDB
2010,MG,Itamar Franco (PPS),Itamar Franco PPS
2010,MG,Fernando Pimentel (PT),Fernando Pimentel PT
2010,MG,Zito Vieira (PCdoB),Zito Vieira PCdoB
2010,MG,Marilda Ribeiro (Psol),Marilda Ribeiro PSOL
2010,MG,Miguel Martini (PHS),Miguel Martini PHS
2010,MG,Rafael Pimenta (PCB),Rafael Sales Pimenta PCB
2010,MG,José João da Silva (PSTU),José João da Silva PSTU
2010,MG,Betão (PCO),
2010,MG,Efraim Moura (PSTU),Efraim Gomes de Moura PSTU
2010,MG,Mineirinho (Psol),Miguel Martini PHS
2010,MS,Delcídio do Amaral (PT),Delcídio do Amaral PT
2010,MS,Dagoberto Nogueira (PDT),Dagoberto Nogueira PDT
2010,MS,Valdemir Moka (PMDB),Waldemir Moka PMDB
2010,MS,Murilo Zaiuth (DEM),Murilo Zauith DEM
2010,MS,Jorge Batista (Psol),
2010,MS,02/09 - Delcídio do Amaral (PT),Delcídio do Amaral PT
2010,MT,Blairo Maggi (PR),Blairo Maggi PR
2010,MT,Carlos Abicalil (PT),Carlos Abicalil PT
2010,MT,Antero Paes de Barros (PSDB),Antero Paes de Barros PSDB
2010,MT,Pedro Taques (PDT),Pedro Taques PDT
2010,MT,Procurador Mauro (Psol),
2010,MT,Jorge Yanai (DEM),Jorge Yanai DEM
2010,MT,Naildo (PV),Naildo da Silva Lopes PV
2010,MT,02/09 - Blairo Maggi (PR),Blairo Maggi PR
2010,PA,Jader Barbalho (PMDB) Impugnado,Jader Barbalho (PMDB)
2010,PA,Flexa Ribeiro (PSDB),Flexa Ribeiro (PSDB)
2010,PA,Paulo Rocha (PT) Impugnado,Paulo Braga (PSTU)
2010,PA,Marinor Brito (PSOL),Marinor Brito (PSOL)
2010,PA,Paulo Braga (PSTU),Paulo Braga (PSTU)
2010,PA,Abel Ribeiro (PSTU),Abel Ribeiro (PSTU)
2010,PA,João Augusto (PSOL),João Augusto (PSOL)
2010,PA,Jader Barbalho (PMDB),Jader Barbalho (PMDB)
2010,PA,Paulo Rocha (PT),Paulo Braga (PSTU)
2010,PA,Marinor Brito (Psol),Marinor Brito (PSOL)
2010,PA,Professora Neide (PSB),
2010,PA,João Augusto (Psol),João Augusto (PSOL)
2010,PA,Yamada (PTB),
2010,PA,Savanas (PV),
2010,PB,Cássio Cunha Lima (PSDB),
2010,PB,Vitalzinho (PMDB),
2010,PB,Efraim Morais (DEM),
2010,PB,Wilson Santiago (PMDB),
2010,PB,Vital Farias (PCB),
2010,PB,Edgard Malagodi (Psol),
2010,PB,Marcos Dias (Psol),
2010,PB,Maria das Dores (PCO),Jocimar Oliveira da Silva PCB
2010,PB,"Vitalzinho (PMDB)17,8%, Efraim Morais (DEM)",
2010,PE,Humberto Costa (PT),Humberto Costa PT
2010,PE,Armando Monteiro Neto (PTB),Armando Monteiro PTB
2010,PE,Marco Maciel (DEM) tem,Marco Maciel DEM
2010,PE,Raul Jungmann (PPS),Raul Jungmann PPS
2010,PE,Renê Patriota (PV),Renê Patriota PV
2010,PE,Hélio Cabral (PSTU),Helio Cabral PSTU
2010,PE,Simone Fontana (PSTU),Simone Fontana PSTU
2010,PE,Lairson Lucena (PRTB),Lairson Lucena PRTB
2010,PE,Danúbio Aguiar (PCB),Danúbio Aguiar PCB
2010,PE,Jerônimo Ribeiro (Psol),Armando Monteiro PTB
2010,PI,Wellington Dias (PT),Wellington Dias PT
2010,PI,"Ciro Nogueira Filho (PP)29,7%, Mão Santa (PSC)",Ciro Nogueira PP
2010,PI,Heráclito Fortes (DEM),Heráclito Fortes DEM
2010,PI,Antonio José Medeiros (PT),Antônio José Medeiros PT
2010,PI,Sargento R. Silva (PP),Sgt. R. Silva PP
2010,PI,Toim Dufrango (PSL),Toim do Frango PSL
2010,PI,Pastor Moisés Pinto (PMN),Moisés Franco Pinto PMN
2010,PI,Antonio Florentino (PV),Antônio Florentino PV
2010,PI,Gervásio Santos (PSTU),Mão Santa PSC
2010,PI,Marineide Albuquerque (Psol),
2010,PI,Zilton Duarte (Psol),Wellington Dias PT
2010,PI,Mão Santa (PSC),Mão Santa PSC
2010,PI,Ciro Nogueira Filho (PP),Ciro Nogueira PP
2010,PR,Roberto Requião (PMDB),Roberto Requião PMDB
2010,PR,Gleisi Hoffman (PT),Gleisi Hoffmann PT
2010,PR,Gustavo Fruet (PSDB),Gustavo Fruet PSDB
2010,PR,Ricardo Barros (PP),Ricardo Barros PP
2010,PR,Rubens Hering (PV),Rubens Hering PV
2010,PR,Gilberto (PSB),Gilberto Araújo PCB
2010,PR,Piva (Psol),Luiz Romeiro Piva PSOL
2010,PR,Valmor (Psol),Valmor Venturini PSOL
2010,PR,Sargento QE Pedroso (PRTB),Ademir Pedroso PRTB
2010,PR,Sargento Jensen (PRTB),Rivaldir Jensen PRTB
2010,PR,Irineu Fritz (PT do B),Irineu Fritz PTdoB
2010,RJ,Lindbergh Farias (PT),Lindbergh Farias PT
2010,RJ,Marcelo Crivella (PRB),Marcelo Crivella PRB
2010,RJ,Cesar Maia (DEM),Cesar Maia DEM
2010,RJ,Jorge Picciani (PMDB),Jorge Picciani PMDB
2010,RJ,Waguinho (PTdoB),Waguinho PTdoB
2010,RJ,Marcelo Cerqueira (PPS),Marcelo Cerqueira PPS
2010,RJ,Milton Temer (Psol),Milton Temer PSOL
2010,RJ,Carlos Dias (PTdoB),Carlos Dias PTdoB
2010,RJ,Wladimir Mutt (PCB),Wladimir Mutt PCB
2010,RJ,Claiton (PSTU),Claiton PSTU
2010,RJ,Heitor (PSTU),Heitor PSTU
2010,RJ,Waguinho (PT do B),Waguinho PTdoB
2010,RN,Garibaldi Alves Filho (PMDB),Garibaldi Alves Filho PMDB
2010,RN,José Agripino (DEM),José Agripino Maia DEM
2010,RN,Vilma (PSB),
2010,RN,Hugo Manso (PT),Hugo Manso PT
2010,RN,Sávio (PC do B),
2010,RN,Dr. Joanilson (PSDC),Joanilson Rego PSDC
2010,RN,Alexandre Guedes (PSTU),
2010,RN,Dário (PSTU),
2010,RN,Ronaldo Garcia (Psol),Ronaldo Garcia PSOL
2010,RN,Valdemar Soares (Psol),
2010,RN,Marconio Cruz (PRTB),
2010,RN,"Pr. Clóvis Costa (PTC) 0,3, Dário (PSTU)",
2010,RN,Sávio (PCdoB),Sávio Ximenes PCdoB
2010,RO,Valdir Raupp (PMDB),Valdir Raupp PMDB
2010,RO,Ivo Cassol (PP),Ivo Cassol PP
2010,RO,Fátima Cleide (PT),Fátima Cleide PT
2010,RO,Melki Donadon (PHS),Melki Donadon PHS
2010,RO,Agnaldo Muniz (PSC),Agnaldo Muniz PSC
2010,RO,Aluizio Vidal (Psol),Aluizio Vidal PSOL
2010,RO,Pimenta de Rondônia (Psol),Pimenta de Rondônia PSOL
2010,RR,Romero Jucá (PMDB),Romero Jucá PMDB
2010,RR,Ângela Portela (PT),Ângela Portela PT
2010,RR,Marluce Pinto (PSDB),Marluce Pinto PSDB
2010,RR,Telmário Mota (PDT),Telmário Mota PDT
2010,RR,Hiran Gonçalves (PHS),Hiran Gonçalves PHS
2010,RR,Aimberê Freitas (PV),Aimberê Freitas PV
2010,RR,Jorge Schwinden (Psol),Jorge Schwinden PSOL
2010,RR,Leopoldo Junior (PCO),Leopoldo Junior PCO
2010,RR,Lauro Barreto (PHS),Lauro Barreto PHS
2010,RS,Germano Rigotto (PMDB),Germano Rigotto PMDB
2010,RS,Paulo Paim (PT),Paulo Paim PT
2010,RS,Ana Amélia Lemos (PP),Ana Amélia Lemos PP
2010,RS,Abigail Pereira (PCdoB),Abigail Pereira PCdoB
2010,RS,Bernadete Menezes (PSOL),Berna Menezes PSOL
2010,RS,José Schneider (PMN),José Schneider PMN
2010,RS,Luiz Carlos Lucas (PSOL),
2010,RS,Marcos Monteiro (PV),Marcos Monteiro PV
2010,RS,Roberto Gross (PTC),Roberto Gross PTC
2010,RS,Vera Guasso (PSTU),Vera Guasso PSTU
2010,RS,Luís Carlos Draehmer (PCB),
2010,RS,Abgail Pereira (PCdoB),Abigail Pereira PCdoB
2010,RS,Professor Marcos Monteiro (PV),Marcos Monteiro PV
2010,RS,Lucas (Psol),
2010,RS,Berna Menezes (Psol),Berna Menezes PSOL
2010,SC,Luiz Henrique da Silveira (PMDB),Luiz Henrique da Silveira PMDB
2010,SC,Paulo Bauer (DEM),Paulo Bauer PSDB
2010,SC,Claudio Vignatti (PT),Cláudio Vignatti PT
2010,SC,Hugo Biehl (PP),Hugo Biehl PP
2010,SC,Ghizoni (PC do B),João Ghizoni PCdoB
2010,SC,Joaninha (PSTU),João Ghizoni PCdoB
2010,SC,Beth Tiscoski (PP),Elizabeth Tiscoski PP
2010,SC,Fabiano Piovezan (PV),Fabiano Piovezan PV
2010,SC,Alex (PSTU),Alex Sander da Silva PSTU
2010,SC,Professor Wesley (PPS),
2010,SC,Paulo Afonso (Psol),Paulo Afonso Piovezan PSOL
2010,SE,Antônio Carlos Valadares (PSB),Antônio Carlos Valadares PSB
2010,SE,Eduardo Amorim (PSC),Eduardo Amorim PSC
2010,SE,Albano Franco (PSDB),Albano Franco PSDB
2010,SE,José Carlos Machado (DEM),José Carlos Machado DEM
2010,SE,Emanuel Cacho (PPS),Emanuel Cacho PPS
2010,SE,Antônio Leite (PV),Antônio Leite PV
2010,SE,Atamario Cordeiro (Psol),Atamiro Cordeiro PSOL
2010,SE,Gugu Liberato (PRTB),
2010,SE,João Augusto Nascimento (PSDC),João Augusto Nascimento PSDC
2010,SE,Lourdinha (PSTU),
2010,SE,Paulinho da União Tur (PRTB),Paulinho da União Tur PRTB
2010,SE,Professor Lula (PCB),Professor Lula PCB
2010,SE,Professor Marques (PCB),Professor Lula PCB
2010,SP,Netinho de Paula (PCdoB),Netinho de Paula PCdoB
2010,SP,Marta Suplicy (PT),Marta Suplicy PT
2010,SP,Aloysio Nunes Ferreira (PSDB),Aloysio Nunes PSDB
2010,SP,Romeu Tuma (PTB),Romeu Tuma PTB
2010,SP,Ciro Moura (PTC),Ciro Moura PTC
2010,SP,Moacyr Franco (PSL),Moacyr Franco PSL
2010,SP,Ricardo Young (PV),Ricardo Young PV
2010,SP,Ana Luiza (PSTU),Ana Luiza de Figueiredo PSTU
2010,SP,Serpa (PSB),Alexandre Serpa PSB
2010,SP,Marcelo Henrique (Psol),Marcelo Henrique PSOL
2010,SP,Afonso Teixeira (PCO),Afonso Teixeira Filho PCO
2010,SP,Dirceu Travesso (PSTU),
2010,TO,João Ribeiro (PR),João Ribeiro PR
2010,TO,Marcelo Miranda (PMDB),Marcelo Miranda PMDB
2010,TO,Vicentinho Alves (PR),Vicentinho Alves PR
2010,TO,Paulo Mourão (PT),Paulo Mourão PT
2018,AC,Petecão (PSD),Petecão
2018,AC,Bittar (MDB),Bittar
2018,AC,Viana (PT),Viana
2018,AC,Amorim (PT),Amorim
2018,AC,Kinpara (REDE),Kinpara
2018,AC,Pedraza (PSL),Pedrazza
2018,AL,Calheiros (MDB),
2018,AL,Cunha (PSDB),Cunha
2018,AL,Lira (PP),
2018,AL,Quintella (PR),Quintella
2018,AL,Cabral (PATRI),Cabral
2018,AL,Cícero (PSOL),
2018,AM,Braga (MDB),Eduardo Braga MDB
2018,AM,Vanessa (PCdoB),Vanessa Grazziotin PCdoB
2018,AM,Plinio (PSDB),Plínio Valério PSDB
2018,AM,Alfredo (PR),Alfredo Nascimento PR
2018,AM,Hissa (PDT),Hissa Abrahão PDT
2018,AM,Castro (REDE),Luiz Castro REDE
2018,AM,Fernando (PSOL),Luiz Fernando Santos PSOL
2018,AM,Rondinely (PSOL),Rondinely Fonseca PSOL
2018,AP,Randolfe (REDE),Randolfe (REDE)
2018,AP,Janete (PSB),Janete Capiberibe (PSB)
2018,AP,Lucas (PTB),Lucas Barreto (PTB)
2018,AP,Gilvam (MDB),Gilvam Borges (MDB)
2018,AP,Palaes (MDB),Fátima Pelaes (MDB)
2018,AP,Amanajás (PPS),Jorge Amanajás (PPS)
2018,BA,Wagner (PT),Jaques Wagner (PT)
2018,BA,Lázaro (PSC),Irmão Lázaro (PSC)
2018,BA,Jutahy (PSDB),Jutahy Júnior (PSDB)
2018,BA,Coronel (PSD),Angelo Coronel (PSD)
2018,BA,Vianna (MDB),Jorge Viana (MDB)
2018,BA,Nogueira (PSOL),Fábio Nogueira (PSOL)
2018,BA,Maurício (DC),Marcos Maurício (DC)
2018,BA,Rangel (PSL),Comadante Rangel (PSL)
2018,BA,José (REDE),Francisco José (REDE)
2018,BA,Santos (PCO),Adroaldo dos Santos (PCO)
2018,BA,Cotrim (PRTB),Celsinho Cotrim (PRTB)
2018,CE,Cid (PDT),Cid Gomes
2018,CE,Eunício (MDB),Eunício
2018,CE,Girão (PROS),Girão
2018,CE,Mayra (PSDB),Mayra
2018,CE,Ribeiro (PSL),Pinheiro
2018,CE,Simões (PSOL),Simões
2018,CE,Karina (PSOL),Anna Karina
2018,CE,Saraiva (REDE),Saraiva
2018,CE,Pinheiro (PSL),Pinheiro
2018,CE,Burns (PTC),Burns[nota 4]
2018,CE,Barroso (PCO),Barroso[nota 5]
2018,CE,Magela (PSTU),Mayra
2018,CE,Bardawil (PODE),Saraiva
2018,DF,Leila (PSB),Leila
2018,DF,Buarque (PPS),Marques
2018,DF,Izalci (PSDB),Izalci
2018,DF,Leite (REDE),Leila
2018,DF,Wasny (PT),Wasny
2018,DF,Faraj (PRP),Faraj
2018,DF,Marques (SD),Marques
2018,DF,Neves (PT),Neves
2018,DF,Roque (NOVO),Roque
2018,DF,Queiroz (PP),Queiroz
2018,DF,Átila (PRTB),Átila
2018,DF,Ribeiro (PMN),Ribeiro
2018,DF,Pereira (PSOL),Ferraz
2018,DF,Sant'Anna (PSOL),Sant'anna
2018,DF,Amábile (PR),Amábile
2018,DF,Matoso (PCO),Matoso
2018,DF,Ferraz (PPL),Ferraz
2018,DF,Teixeira (PSDB),Ribeiro
2018,DF,Walisson (PTB),Wasny
2018,DF,Robson (PSTU),Robson
2018,ES,Malta (PR),Magno Malta (PR)
2018,ES,Ferraço (PSDB),Ricardo Ferraço (PSDB)
2018,ES,Contarato (REDE),Fabiano Contarato (REDE)
2018,ES,Marcos (PPS),Marcos do Val (PPS)
2018,ES,Tavares (PT),Célia Tavares (PT)
2018,ES,Ribeiro (PCB),Mauro Ribeiro (PCB)
2018,ES,Assis (PSL),Subtenente Assis (PSL)
2018,ES,Bernardo (PMB),Rogerio Bernardo (PMB)
2018,ES,Carnelli (PTB),Helder Carnielli (PTB)
2018,ES,Pincelli (NOVO),Ulisses Pincelli (NOVO)
2018,ES,Katrine (PSOL),Liu Katrine (PSOL)
2018,GO,Perillo (PSDB),Marconi Perillo PSDB
2018,GO,Lúcia (PSB),Lúcia Vânia PSB
2018,GO,Kajuru (PRP),Jorge Kajuru PRP
2018,GO,Cardoso (PP),Vanderlan Cardoso PP
2018,GO,Bueno (PT),Luis Cesar Bueno PT
2018,GO,Magda (PCB),Magda Borges PCB
2018,GO,Wilder (DEM),Wilder Morais DEM
2018,MA,Weverton (PDT),Weverton Rocha
2018,MA,Eliziane (PPS),Eliziane Gama
2018,MA,Lobão (MDB),Edison Lobão
2018,MA,Sarney Filho (PV),Sarney Filho
2018,MA,Zé Reinaldo (PSDB),Zé Reinaldo
2018,MA,Almeida (PSDB),Alexandre Almeida
2018,MA,Samoel (PSL),Samoel de Itapecuru
2018,MA,Saulo Pinto (PSOL),Saulo Pinto
2018,MA,Iêgo (PCB),Iêgo Brunno
2018,MA,Saulo Arcangeli (PSTU),Saulo Arcangeli
2018,MA,Preta Lu (PSTU),Preta Lu
2018,MA,B/N V1,
2018,MA,B/N V2,
2018,MG,Dilma (PT),Dilma Rousseff (PT)
2018,MG,Viana (PHS),Carlos Viana (PHS)
2018,MG,Dinis (SD),Dinis Pinheiro (SD)
2018,MG,Pacheco (DEM),Rodrigo Pacheco (DEM)
2018,MG,Lacerda (PPL),Coronel Lacerda (PPL)
2018,MG,Cherem (PDT),Fábio Cherem (PDT)
2018,MG,Paiva (NOVO),Rodrigo Paiva (NOVO)
2018,MG,Corrêa (PT),Miguel Corrêa (PT)
2018,MG,Bispo (PPL),Bispo Damasceno (PPL)
2018,MG,Lopes (PCB),Tulio Lopes (PCB)
2018,MG,Vanessa (PSTU),Vanessa Portugal (PSTU)
2018,MG,Alves (PCO),Ana Alves (PCO)
2018,MG,Duda (PSOL),Duda Salabert (PSOL)
2018,MG,Kaká (REDE),Kaka Menezes (REDE)
2018,MG,Reis (AVANTE),
2018,MG,B/N,
2018,MS,MDB,
2018,MS,PSC,
2018,MS,PT,
2018,MS,PTB,
2018,MS,PSDB,
2018,MS,PODE,
2018,MS,PRB,
2018,MS,PMB,
2018,MS,PSL,
2018,MS,PCdoB,
2018,MS,PPL,
2018,MS,PSOL,
2018,MS,PTC,
2018,MS,Nelsinho (PTB),Nelsinho Trad (PTB)
2018,MS,Zeca do PT,Zeca do PT (PT)
2018,MS,Moka (MDB),Waldemir Moka (MDB — Inc.)
2018,MS,Soraya (PSL),Soraya Thronicke (PSL)
2018,MS,Miglioli (PSDB),Marcelo Miglioli (PSDB)
2018,MS,Delcídio (PTC),Delcídio Amaral (PTC)[R]
2018,MT,Jayme (DEM),Jayme Campos DEM
2018,MT,Leitão (PSDB),Nilson Leitão PSDB
2018,MT,Mauro (PSOL),Procurador Mauro PSOL
2018,MT,Fávaro (PSD),Carlos Fávaro PSD
2018,MT,Arruda (PSL),Selma Arruda PSL
2018,MT,Maria (PCdoB),Professora Maria Lúcia PCdoB
2018,MT,Sachetti (PRB),Adilton Sachetti PRB
2018,MT,Caldas (NOVO),Dr. Waldir Caldas NOVO
2018,MT,Lopes (PSOL),Gilberto Lopes Filho PSOL
2018,MT,Carlos (REDE),Carlos Fávaro PSD
2018,MT,Leite (PPL),Aladir Leite PPL
2018,PA,Jader (MDB),Jader Barbalho (MDB)
2018,PA,Mário (PP) Impugnado,Mário Couto (PP)
2018,PA,Flexa (PSDB),Flexa Ribeiro (PSDB)
2018,PA,Zé Geraldo (PT),Zé Geraldo (PT)
2018,PA,Zequinha (PSC),Zequinha Marinho (PSC)
2018,PA,Ursula (PSOL),Ursula Vidal (PSOL)
2018,PA,Sidney (PSB),Sidney Rosa (PSB)
2018,PA,Osmar (PDT),Coronel Osmar (PDT)
2018,PA,Wlad (SD) Impugnado,
2018,PA,Gerson (PCdoB),Gerson Durão (PCdoB)
2018,PA,Jarbas (PV),Jarbas Vasconcelos (PV)
2018,PA,Benedita (PSTU),Benedita do Amaral (PSTU)
2018,PA,Anivaldo (PR) Impugnado,Anivaldo Vale (PR)
2018,PA,Bogo (PRP),Elléri Bogo (PRP)
2018,PA,Ibanês (PTC) Impugnado,Ibanês Taveira (PTC)
2018,PA,Xaropinho (PPL),Xaropinho do Povo (PPL)
2018,PA,Francisco (PRB) Impugnado,Francisco Alves (PRB)
2018,PA,Prado Sá (PSB) Impugnado,Prado Sá (PSB)
2018,PA,Margem de erro,
2018,PB,Cássio (PSDB),Cássio Cunha Lima PSDB
2018,PB,Veneziano (PSB),Veneziano Vital[nota 4] PSB
2018,PB,Couto (PT),Luiz Couto PT
2018,PB,Daniella (PP),Daniella Ribeiro[nota 5] PP
2018,PB,Paulino (MDB),Roberto Paulino MDB
2018,PB,Nélson (PSOL),Nelson Júnior PSOL
2018,PB,Nivaldo (PSOL),Nivaldo Mangueira PSOL
2018,PE,Costa (PT),Humberto Costa PT
2018,PE,Jarbas (MDB),Jarbas Vasconcelos MDB
2018,PE,Mendonça (DEM),Mendonça Filho DEM
2018,PE,Silvio (AVANTE),Silvio Costa AVANTE
2018,PE,Araújo (PSDB),Bruno Araújo PSDB
2018,PE,Jairinho (REDE),Pastor Jairinho REDE
2018,PE,Rocha (REDE),Adriana Rocha REDE
2018,PE,Eugênia (PSOL),Eugênia Lima PSOL
2018,PE,Cabral (PSTU),Hélio Cabral PSTU
2018,PE,Pires (PSOL),
2018,PE,Brunes (PROS),Lídia Brunes PROS
2018,PE,Rola (PCO),
2018,PI,Ciro (PP),Ciro Nogueira PP
2018,PI,Martins (PSB),Wilson Martins PSB
2018,PI,Castro (MDB),Marcelo Castro MDB
2018,PI,Frank (PRB),Frank Aguiar PRB
2018,PI,Robert (DEM),Robert Rios DEM
2018,PI,Marcos (PTC),Marcelo Castro MDB
2018,PI,Elizeu (PSL),
2018,PI,Saraiva (DC),Joaquim Saraiva DC
2018,PI,Lira (PSL),Antônio José Lira PSL
2018,PI,Henrique (REDE),Paulo Henrique Pinheiro REDE
2018,PI,Jesus (PSOL),Jesus Rodrigues PSOL
2018,PI,Quem (AVANTE),Quem-Quem AVANTE
2018,PI,Flávia (PRP),Flávia Barbosa PRP
2018,PI,Genival (PSC),Genival Oliveira PSC
2018,PI,Santos (PSTU),Gervásio Santos PSTU
2018,PI,Fausto (PCB),Fausto Ripardo PCB
2018,PI,Albetiza (PCO),Albetiza Araújo PCO
2018,PI,Andrade (DC),Lafayette Andrade DC
2018,PR,Requião (MDB),Roberto Requião
2018,PR,Richa (PSDB),Beto Richa
2018,PR,Arns (REDE),Flávio Arns
2018,PR,Canziani (PTB),Alex Canziani
2018,PR,Mirian (PT),Mirian Gonçalves
2018,PR,Nelton (PDT),Nelton Friedrich
2018,PR,Oriovisto (PODE),Oriovisto Guimarães
2018,PR,NS / NR,
2018,PR,Pickler (PSL),
2018,RJ,Maia (DEM),Cesar Maia
2018,RJ,Lindbergh (PT),Lindbergh Farias
2018,RJ,Bolsonaro (PSL),Flávio Bolsonaro
2018,RJ,Alencar (PSOL),Chico Alencar
2018,RJ,Teixeira (REDE),Miro Teixeira
2018,RJ,Everaldo (PSC),Pastor Everaldo
2018,RJ,Arolde (PSD),Arolde de Oliveira
2018,RJ,Garcia (PSTU),Cyro Garcia
2018,RJ,Nascimento (PRTB),Mattos Nascimento
2018,RJ,Lopes (PRB),Eduardo Lopes
2018,RJ,Bonifácio (PDT),José Bonifácio
2018,RJ,Aspásia (PSDB),Aspásia Camargo
2018,RJ,Barçante (PCB),Marta Barçante
2018,RJ,Fagundes (PCO),Fernando Fagundes
2018,RJ,Guedes (PSTU),Samantha Guedes
2018,RJ,Burcci (PMB),Gabrielle Burcci
2018,RJ,Cristie (PATRI),Walter Cristie
2018,RN,Styvenson (REDE),Styvenson Valentim REDE
2018,RN,Maia (PHS),Zenaide Maia PHS
2018,RN,Garibaldi (MDB),Garibaldi Alves Filho MDB
2018,RN,Melo (PSDB),Geraldo Melo PSDB
2018,RN,Jácome (PODE),Antônio Jácome PODE
2018,RN,Motta (PT),Alexandre Motta PT
2018,RN,Magnólia (SD),Magnólia Figueiredo SD
2018,RN,Célia (PSTU),Ana Celia PSTU
2018,RN,Gurgel (PSOL),Telma Gurgel PSOL
2018,RN,Morais (PSTU),João Morais PSTU
2018,RN,Marinho (PRTB),Jurandir Marinho PRTB
2018,RN,Costa (PRTB),Levi Costa PRTB
2018,RN,Napoleão (REDE),João Napoleão REDE
2018,RN,Joanilson (DC),Joanílson Rêgo DC
2018,RN,Lailson (PSOL),Laílson Almeida PSOL
2018,RO,Moura (MDB),Confúcio Moura MDB
2018,RO,Cleide (PT),Fátima Cleide PT
2018,RO,Raupp (MDB),Valdir Raupp MDB
2018,RO,Rogério (DEM),Marcos Rogério DEM
2018,RO,Magno (PP),Carlos Magno PP
2018,RO,Edésio (PRB),Edésio Fernandes PRB
2018,RO,Vidal (REDE),Aluízio Vidal Flor REDE
2018,RO,Pires (PSB),Jesualdo Pires PSB
2018,RO,Jaime (PSL),Jaime Bagattoli PSL
2018,RO,Paz (PSTU),
2018,RO,Bosco (PPS),João Bosco Costa PPS
2018,RO,Jurado (NOVO),Fabrício Jurado NOVO
2018,RO,Cadillac (PSTU),
2018,RO,Wilson (PRTB),Ted Wilson PRTB
2018,RO,Terrinha (PMB),
2018,RO,Dettoni (PMB),Josemir Dettoni PMB
2018,RR,Mecias (PRB),Mecias de Jesus PRB
2018,RR,Portela (PDT),Ângela Portela PDT
2018,RR,Chico (DEM),Chico Rodrigues DEM
2018,RR,Jucá (MDB),Romero Jucá MDB
2018,RR,Castro (PR),Luciano Castro PR
2018,RR,Ramalho (PSL),Pastor Isamar Ramalho PSL
2018,RR,Martins (PTB),Júlio Martins PTB
2018,RR,Santos (PATRI),Christian Santos PATRI
2018,RR,Telma (PCB),Telma Taurepang PCB
2018,RR,Leite (PV),Rudson Leite PV
2018,RR,Lourival (PSTU),Lourival PSTU
2018,RS,Ana Amélia (PP),Ana Varela (PODE)
2018,RS,Beto (PSB),Beto Albuquerque (PSB)
2018,RS,Paim (PT),Paulo Paim (PT)
2018,RS,Vais (NOVO),
2018,RS,NS / NR,
2018,RS,Abigail (PCdoB),Abigail Pereira (PCdoB)
2018,RS,Carmen (PSL),Carmen Flores (PSL)
2018,RS,Fogaça (MDB),José Fogaça (MDB)
2018,RS,Heinze (PP),Luiz Carlos Heinze (PP)
2018,RS,Bernd (PPS),Mario Bernd (PPS)
2018,RS,Sandra (SD),Sandra Weber (SD)
2018,SC,Raimundo Colombo (PSD),Raimundo Colombo PSD
2018,SC,Esperidião Amin (PP),Esperidião Amin PP
2018,SC,Paulo Bauer (PSDB),Paulo Bauer PSDB
2018,SC,Jorginho Mello (PR),Jorginho Mello PR
2018,SC,Ideli Salvatti (PT),Ideli Salvatti PT
2018,SC,Roberto Salum (PMN),Roberto Salum PMN
2018,SC,Antônio Campos (PSOL),Antônio Campos PSOL
2018,SC,Pedro Cabral (PSOL),Pedro Cabral PSOL
2018,SC,Andréa Carvalho (PCO),Pedro Cabral PSOL
2018,SC,Lucas Esmeraldino (PSL),Lucas Esmeraldino PSL
2018,SC,Lédio Rosa (PT),Lédio Andrade PT
2018,SC,Ricardo Lautert (PSTU),Ricardo Lautert PSTU
2018,SC,Diego Mezzogiorno (REDE),Diego Mezzogiorno REDE
2018,SC,Miriam Prochnow (REDE),Miriam Prochnow REDE
2018,SE,Valadares (PSB),Valadares
2018,SE,André Moura (PSC),André
2018,SE,Jackson Barreto (MDB),Jackson
2018,SE,Pastor Heleno (PRB),Heleno
2018,SE,Rogério Carvalho (PT),Rogério
2018,SE,Delegado Alessandro (REDE),Alessandro
2018,SE,Sônia Meire (PSOL),Sônia
2018,SE,Henry Clay (PPL),
2018,SE,Professor Jossimário (PSOL),Jossimário
2018,SE,Adelson Alves (PATRI),
2018,SE,Cadu Silva (PSL),Cadu
2018,SE,Reynaldo Nunes (PV),Reynaldo
2018,SE,Clarckson Messias (PSTU),Clarckson
2018,TO,Vicentinho (PR),Vicentinho Alves PR
2018,TO,Irajá (PSD),Irajá Abreu PSD
2018,TO,Mourão (PT),Paulo Mourão PT
2018,TO,Halum (PRB),César Halum PRB
2018,TO,Ataídes (PSDB),Ataídes Oliveira PSDB
2018,TO,Jorge (PSL),Antônio Jorge PSL
2018,TO,Aires (PSOL),Melk Aires PSOL
2018,TO,Farlei (PSL),Farlei Meyer PSL
2018,TO,Siqueira (DEM),
2018,TO,Gomes (SD),Eduardo Gomes SD
