ano,uf,estado,pagina,url,status,tabelas_senado,linhas_pesquisa,observacoes_candidato,formatos,erro
2018,AC,Acre,Eleições estaduais no Acre em 2018,https://pt.wikipedia.org/wiki/Elei%C3%A7%C3%B5es_estaduais_no_Acre_em_2018,com_pesquisas,1,2,12,duas_mencoes_agregadas,
2018,AL,Alagoas,Eleições estaduais em Alagoas em 2018,https://pt.wikipedia.org/wiki/Elei%C3%A7%C3%B5es_estaduais_em_Alagoas_em_2018,com_pesquisas,1,2,12,duas_mencoes_agregadas,
2018,AP,Amapá,Eleições estaduais no Amapá em 2018,https://pt.wikipedia.org/wiki/Elei%C3%A7%C3%B5es_estaduais_no_Amap%C3%A1_em_2018,com_pesquisas,1,1,6,duas_mencoes_agregadas,
2018,AM,Amazonas,Eleições estaduais no Amazonas em 2018,https://pt.wikipedia.org/wiki/Elei%C3%A7%C3%B5es_estaduais_no_Amazonas_em_2018,com_pesquisas,1,3,24,nao_identificado,
2018,BA,Bahia,Eleições estaduais na Bahia em 2018,https://pt.wikipedia.org/wiki/Elei%C3%A7%C3%B5es_estaduais_na_Bahia_em_2018,com_pesquisas,1,5,55,duas_mencoes_agregadas,
2018,CE,Ceará,Eleições estaduais no Ceará em 2018,https://pt.wikipedia.org/wiki/Elei%C3%A7%C3%B5es_estaduais_no_Cear%C3%A1_em_2018,com_pesquisas,1,3,39,duas_mencoes_agregadas,
2018,DF,Distrito Federal,Eleições distritais no Distrito Federal em 2018,https://pt.wikipedia.org/wiki/Elei%C3%A7%C3%B5es_distritais_no_Distrito_Federal_em_2018,com_pesquisas,1,3,60,duas_mencoes_agregadas,
2018,ES,Espírito Santo,Eleições estaduais no Espírito Santo em 2018,https://pt.wikipedia.org/wiki/Elei%C3%A7%C3%B5es_estaduais_no_Esp%C3%ADrito_Santo_em_2018,com_pesquisas,1,1,11,duas_mencoes_agregadas,
2018,GO,Goiás,Eleições estaduais em Goiás em 2018,https://pt.wikipedia.org/wiki/Elei%C3%A7%C3%B5es_estaduais_em_Goi%C3%A1s_em_2018,com_pesquisas,1,2,14,duas_mencoes_agregadas,
2018,MA,Maranhão,Eleições estaduais no Maranhão em 2018,https://pt.wikipedia.org/wiki/Elei%C3%A7%C3%B5es_estaduais_no_Maranh%C3%A3o_em_2018,com_pesquisas,1,12,156,nao_identificado,
2018,MT,Mato Grosso,Eleições estaduais em Mato Grosso em 2018,https://pt.wikipedia.org/wiki/Elei%C3%A7%C3%B5es_estaduais_em_Mato_Grosso_em_2018,com_pesquisas,1,1,11,duas_mencoes_agregadas,
2018,MS,Mato Grosso do Sul,Eleições estaduais em Mato Grosso do Sul em 2018,https://pt.wikipedia.org/wiki/Elei%C3%A7%C3%B5es_estaduais_em_Mato_Grosso_do_Sul_em_2018,com_pesquisas,2,44,278,duas_mencoes_agregadas,
2018,MG,Minas Gerais,Eleições estaduais em Minas Gerais em 2018,https://pt.wikipedia.org/wiki/Elei%C3%A7%C3%B5es_estaduais_em_Minas_Gerais_em_2018,com_pesquisas,1,5,80,nao_identificado,
2018,PA,Pará,Eleições estaduais no Pará em 2018,https://pt.wikipedia.org/wiki/Elei%C3%A7%C3%B5es_estaduais_no_Par%C3%A1_em_2018,com_pesquisas,1,8,150,nao_identificado,
2018,PB,Paraíba,Eleições estaduais na Paraíba em 2018,https://pt.wikipedia.org/wiki/Elei%C3%A7%C3%B5es_estaduais_na_Para%C3%ADba_em_2018,com_pesquisas,1,1,7,duas_mencoes_agregadas,
2018,PR,Paraná,Eleições estaduais no Paraná em 2018,https://pt.wikipedia.org/wiki/Elei%C3%A7%C3%B5es_estaduais_no_Paran%C3%A1_em_2018,com_pesquisas,1,5,41,nao_identificado,
2018,PE,Pernambuco,Eleições estaduais em Pernambuco em 2018,https://pt.wikipedia.org/wiki/Elei%C3%A7%C3%B5es_estaduais_em_Pernambuco_em_2018,com_pesquisas,1,1,12,duas_mencoes_agregadas,
2018,PI,Piauí,Eleições estaduais no Piauí em 2018,https://pt.wikipedia.org/wiki/Elei%C3%A7%C3%B5es_estaduais_no_Piau%C3%AD_em_2018,com_pesquisas,1,2,36,duas_mencoes_agregadas,
2018,RJ,Rio de Janeiro,Eleições estaduais no Rio de Janeiro em 2018,https://pt.wikipedia.org/wiki/Elei%C3%A7%C3%B5es_estaduais_no_Rio_de_Janeiro_em_2018,com_pesquisas,1,3,50,nao_identificado,
2018,RN,Rio Grande do Norte,Eleições estaduais no Rio Grande do Norte em 2018,https://pt.wikipedia.org/wiki/Elei%C3%A7%C3%B5es_estaduais_no_Rio_Grande_do_Norte_em_2018,com_pesquisas,1,3,45,duas_mencoes_agregadas,
2018,RS,Rio Grande do Sul,Eleições estaduais no Rio Grande do Sul em 2018,https://pt.wikipedia.org/wiki/Elei%C3%A7%C3%B5es_estaduais_no_Rio_Grande_do_Sul_em_2018,com_pesquisas,2,8,64,nao_identificado,
2018,RO,Rondônia,Eleições estaduais em Rondônia em 2018,https://pt.wikipedia.org/wiki/Elei%C3%A7%C3%B5es_estaduais_em_Rond%C3%B4nia_em_2018,com_pesquisas,1,2,32,duas_mencoes_agregadas,
2018,RR,Roraima,Eleições estaduais em Roraima em 2018,https://pt.wikipedia.org/wiki/Elei%C3%A7%C3%B5es_estaduais_em_Roraima_em_2018,com_pesquisas,1,2,22,duas_mencoes_agregadas,
2018,SC,Santa Catarina,Eleições estaduais em Santa Catarina em 2018,https://pt.wikipedia.org/wiki/Elei%C3%A7%C3%B5es_estaduais_em_Santa_Catarina_em_2018,com_pesquisas,1,3,42,duas_mencoes_agregadas,
2018,SP,São Paulo,Eleições estaduais em São Paulo em 2018,https://pt.wikipedia.org/wiki/Elei%C3%A7%C3%B5es_estaduais_em_S%C3%A3o_Paulo_em_2018,sem_tabela_pesquisa_senado,0,0,0,,
2018,SE,Sergipe,Eleições estaduais em Sergipe em 2018,https://pt.wikipedia.org/wiki/Elei%C3%A7%C3%B5es_estaduais_em_Sergipe_em_2018,com_pesquisas,1,4,52,duas_mencoes_agregadas,
2018,TO,Tocantins,Eleições estaduais no Tocantins em 2018,https://pt.wikipedia.org/wiki/Elei%C3%A7%C3%B5es_estaduais_no_Tocantins_em_2018,com_pesquisas,1,2,18,duas_mencoes_agregadas,
2010,AC,Acre,Eleições estaduais no Acre em 2010,https://pt.wikipedia.org/wiki/Elei%C3%A7%C3%B5es_estaduais_no_Acre_em_2010,sem_tabela_pesquisa_senado,0,0,0,,
2010,AL,Alagoas,Eleições estaduais em Alagoas em 2010,https://pt.wikipedia.org/wiki/Elei%C3%A7%C3%B5es_estaduais_em_Alagoas_em_2010,sem_tabela_pesquisa_senado,0,0,0,,
2010,AP,Amapá,Eleições estaduais no Amapá em 2010,https://pt.wikipedia.org/wiki/Elei%C3%A7%C3%B5es_estaduais_no_Amap%C3%A1_em_2010,sem_tabela_pesquisa_senado,0,0,0,,
2010,AM,Amazonas,Eleições estaduais no Amazonas em 2010,https://pt.wikipedia.org/wiki/Elei%C3%A7%C3%B5es_estaduais_no_Amazonas_em_2010,sem_tabela_pesquisa_senado,0,0,0,,
2010,BA,Bahia,Eleições estaduais na Bahia em 2010,https://pt.wikipedia.org/wiki/Elei%C3%A7%C3%B5es_estaduais_na_Bahia_em_2010,com_pesquisas,1,1,1,nao_identificado,
2010,CE,Ceará,Eleições estaduais no Ceará em 2010,https://pt.wikipedia.org/wiki/Elei%C3%A7%C3%B5es_estaduais_no_Cear%C3%A1_em_2010,sem_tabela_pesquisa_senado,0,0,0,,
2010,DF,Distrito Federal,Eleições distritais no Distrito Federal em 2010,https://pt.wikipedia.org/wiki/Elei%C3%A7%C3%B5es_distritais_no_Distrito_Federal_em_2010,sem_tabela_pesquisa_senado,0,0,0,,
2010,ES,Espírito Santo,Eleições estaduais no Espírito Santo em 2010,https://pt.wikipedia.org/wiki/Elei%C3%A7%C3%B5es_estaduais_no_Esp%C3%ADrito_Santo_em_2010,sem_tabela_pesquisa_senado,0,0,0,,
2010,GO,Goiás,Eleições estaduais em Goiás em 2010,https://pt.wikipedia.org/wiki/Elei%C3%A7%C3%B5es_estaduais_em_Goi%C3%A1s_em_2010,com_pesquisas,1,6,53,duas_mencoes_agregadas,
2010,MA,Maranhão,Eleições estaduais no Maranhão em 2010,https://pt.wikipedia.org/wiki/Elei%C3%A7%C3%B5es_estaduais_no_Maranh%C3%A3o_em_2010,sem_tabela_pesquisa_senado,0,0,0,,
2010,MT,Mato Grosso,Eleições estaduais em Mato Grosso em 2010,https://pt.wikipedia.org/wiki/Elei%C3%A7%C3%B5es_estaduais_em_Mato_Grosso_em_2010,sem_tabela_pesquisa_senado,0,0,0,,
2010,MS,Mato Grosso do Sul,Eleições estaduais em Mato Grosso do Sul em 2010,https://pt.wikipedia.org/wiki/Elei%C3%A7%C3%B5es_estaduais_em_Mato_Grosso_do_Sul_em_2010,sem_tabela_pesquisa_senado,0,0,0,,
2010,MG,Minas Gerais,Eleições estaduais em Minas Gerais em 2010,https://pt.wikipedia.org/wiki/Elei%C3%A7%C3%B5es_estaduais_em_Minas_Gerais_em_2010,sem_tabela_pesquisa_senado,0,0,0,,
2010,PA,Pará,Eleições estaduais no Pará em 2010,https://pt.wikipedia.org/wiki/Elei%C3%A7%C3%B5es_estaduais_no_Par%C3%A1_em_2010,com_pesquisas,1,3,21,nao_identificado,
2010,PB,Paraíba,Eleições estaduais na Paraíba em 2010,https://pt.wikipedia.org/wiki/Elei%C3%A7%C3%B5es_estaduais_na_Para%C3%ADba_em_2010,sem_tabela_pesquisa_senado,0,0,0,,
2010,PR,Paraná,Eleições estaduais no Paraná em 2010,https://pt.wikipedia.org/wiki/Elei%C3%A7%C3%B5es_estaduais_no_Paran%C3%A1_em_2010,sem_tabela_pesquisa_senado,0,0,0,,
2010,PE,Pernambuco,Eleições estaduais em Pernambuco em 2010,https://pt.wikipedia.org/wiki/Elei%C3%A7%C3%B5es_estaduais_em_Pernambuco_em_2010,sem_tabela_pesquisa_senado,0,0,0,,
2010,PI,Piauí,Eleições estaduais no Piauí em 2010,https://pt.wikipedia.org/wiki/Elei%C3%A7%C3%B5es_estaduais_no_Piau%C3%AD_em_2010,sem_tabela_pesquisa_senado,0,0,0,,
2010,RJ,Rio de Janeiro,Eleições estaduais no Rio de Janeiro em 2010,https://pt.wikipedia.org/wiki/Elei%C3%A7%C3%B5es_estaduais_no_Rio_de_Janeiro_em_2010,sem_tabela_pesquisa_senado,0,0,0,,
2010,RN,Rio Grande do Norte,Eleições estaduais no Rio Grande do Norte em 2010,https://pt.wikipedia.org/wiki/Elei%C3%A7%C3%B5es_estaduais_no_Rio_Grande_do_Norte_em_2010,sem_tabela_pesquisa_senado,0,0,0,,
2010,RS,Rio Grande do Sul,Eleições estaduais no Rio Grande do Sul em 2010,https://pt.wikipedia.org/wiki/Elei%C3%A7%C3%B5es_estaduais_no_Rio_Grande_do_Sul_em_2010,com_pesquisas,1,13,82,nao_identificado,
2010,RO,Rondônia,Eleições estaduais em Rondônia em 2010,https://pt.wikipedia.org/wiki/Elei%C3%A7%C3%B5es_estaduais_em_Rond%C3%B4nia_em_2010,sem_tabela_pesquisa_senado,0,0,0,,
2010,RR,Roraima,Eleições estaduais em Roraima em 2010,https://pt.wikipedia.org/wiki/Elei%C3%A7%C3%B5es_estaduais_em_Roraima_em_2010,sem_tabela_pesquisa_senado,0,0,0,,
2010,SC,Santa Catarina,Eleições estaduais em Santa Catarina em 2010,https://pt.wikipedia.org/wiki/Elei%C3%A7%C3%B5es_estaduais_em_Santa_Catarina_em_2010,sem_tabela_pesquisa_senado,0,0,0,,
2010,SP,São Paulo,Eleições estaduais em São Paulo em 2010,https://pt.wikipedia.org/wiki/Elei%C3%A7%C3%B5es_estaduais_em_S%C3%A3o_Paulo_em_2010,sem_tabela_pesquisa_senado,0,0,0,,
2010,SE,Sergipe,Eleições estaduais em Sergipe em 2010,https://pt.wikipedia.org/wiki/Elei%C3%A7%C3%B5es_estaduais_em_Sergipe_em_2010,sem_tabela_pesquisa_senado,0,0,0,,
2010,TO,Tocantins,Eleições estaduais no Tocantins em 2010,https://pt.wikipedia.org/wiki/Elei%C3%A7%C3%B5es_estaduais_no_Tocantins_em_2010,sem_tabela_pesquisa_senado,0,0,0,,
