id_rodada,ano,uf,instituto,periodo_campo,soma_percentuais_candidatos,numero_candidatos,formato_inferido,formato_confirmado,fonte_primaria_confirmada,publicado_em,url,linha_original
2010-AC-001,2010,AC,Ibope,28-30/08,145.0,5,duas_mencoes_agregadas,False,False,2010-10-02T07:00:00-03:00,https://www.congressoemfoco.com.br/noticia/82698/a-disputa-para-o-senado-estado-por-estado,"Ibope 28-30/08 - Jorge Viana (PT) 63%, Petecão (PMN) 38%, Edvaldo Magalhães (PC do B) 31%, João Correia (PMDB) 11%, Cezar Henrique (Psol) 2%."
2010-AC-002,2010,AC,Ibope,27-29/07,136.0,5,duas_mencoes_agregadas,False,False,2010-10-02T07:00:00-03:00,https://www.congressoemfoco.com.br/noticia/82698/a-disputa-para-o-senado-estado-por-estado,"Ibope 27-29/07 - Jorge Viana (PT) 64%, Petecão (PMN) 35%, Edvaldo Magalhães (PC do B) 27%, João Correia (PMDB) 7%, Cezar Henrique (Psol) 3%."
2010-AC-003,2010,AC,Ibope,12-14/07,136.0,4,duas_mencoes_agregadas,False,False,2010-10-02T07:00:00-03:00,https://www.congressoemfoco.com.br/noticia/82698/a-disputa-para-o-senado-estado-por-estado,"Ibope 12-14/07 - Jorge Viana (PT) 67%, Petecão (PMN) 31%, Edvaldo Magalhães (PC do B) 27%, João Correia (PMDB) 11%."
2010-AL-004,2010,AL,Ibope,11-13/09,144.0,10,duas_mencoes_agregadas,False,False,2010-10-02T07:00:00-03:00,https://www.congressoemfoco.com.br/noticia/82698/a-disputa-para-o-senado-estado-por-estado,"Ibope 11-13/09 - Renan Calheiros 54%, Heloisa Helena (Psol) 41%, Benedito de Lira (PP) 35%, Eduardo Bomfim (PC do B) 4%, Zé Costa (PPS) 4%, Alvaro Vasconcelos (PTB) 2%, Afonso Lacerda (PRTB) 1%, Diógenes Paes (PCB) 1%, Flavio Emilio (PTB) 1%, Paulo Nunes (PRTB) 1%."
2010-AL-005,2010,AL,Sensus,03-05/09,139.1,9,duas_mencoes_agregadas,False,False,2010-10-02T07:00:00-03:00,https://www.congressoemfoco.com.br/noticia/82698/a-disputa-para-o-senado-estado-por-estado,"Sensus 03-05/09 - Renan Calheiros 46,8%, Heloisa Helena (Psol) 42,1%, Benedito de Lira (PP) 31,8%, Eduardo Bomfim (PC do B) 6,2%, Zé Costa (PPS) 4,2%, Afonso Lacerda (PRTB) 2,8%, Paulo Nunes (PRTB) 2,4%, Alvaro Vasconcelos (PTB) 1,8%, Diógenes Paes (PCB) 1%."
2010-AL-006,2010,AL,Ibope,21-23/08,127.0,10,duas_mencoes_agregadas,False,False,2010-10-02T07:00:00-03:00,https://www.congressoemfoco.com.br/noticia/82698/a-disputa-para-o-senado-estado-por-estado,"Ibope 21-23/08 - Heloisa Helena (Psol) 44%, Renan Calheiros 42%, Benedito de Lira (PP) 28%, Zé Costa (PPS) 4%, Eduardo Bomfim (PC do B) 2%, Alvaro Vasconcelos (PTB) 2%, Paulo Nunes (PRTB) 2%, Afonso Lacerda (PRTB) 1%, Diógenes Paes (PCB) 1%, Flavio Emilio (PTB) 1%."
2010-AP-007,2010,AP,Escutec,18-21/09,162.0,7,duas_mencoes_agregadas,False,False,2010-10-02T07:00:00-03:00,https://www.congressoemfoco.com.br/noticia/82698/a-disputa-para-o-senado-estado-por-estado,"Escutec 18-21/09 - Capiberibe (PSB) 39%, Gilvam Borges (PMDB) 36%, Randolfe (Psol) 36%, Waldez (PDT) 35%, Papaleo (PSDB) 12%, Professor Marcos (PT) 3%, Claudio Vigilante (PSTU) 1%."
2010-AP-008,2010,AP,Ibope,10-12/09,162.0,7,duas_mencoes_agregadas,False,False,2010-10-02T07:00:00-03:00,https://www.congressoemfoco.com.br/noticia/82698/a-disputa-para-o-senado-estado-por-estado,"Ibope 10-12/09 - Capiberibe (PSB) 39%, Gilvam Borges (PMDB) 36%, Randolfe (Psol) 36%, Waldez (PDT) 35%, Papaleo (PSDB) 12%, Professor Marcos (PT) 3%, Claudio Vigilante (PSTU) 1%."
2010-AP-009,2010,AP,Ibope,01/09,135.0,7,duas_mencoes_agregadas,False,False,2010-10-02T07:00:00-03:00,https://www.congressoemfoco.com.br/noticia/82698/a-disputa-para-o-senado-estado-por-estado,"Ibope 01/09 - Waldez (PDT) 38%, Capiberibe (PSB) 30%, Gilvam Borges (PMDB) 28%, Randolfe (Psol) 21%, Papaleo (PSDB) 11%, Professor Marcos (PT) 4%, Claudio Vigilante (PSTU) 3%."
2010-AM-010,2010,AM,Perspectiva,16-22/09,90.0,5,nao_identificado,False,False,2010-10-02T07:00:00-03:00,https://www.congressoemfoco.com.br/noticia/82698/a-disputa-para-o-senado-estado-por-estado,"Perspectiva 16-22/09 - Eduardo Braga (PMDB) 39%, Vanessa Graziotin (PCdoB) 22%, Arthur Virgílio (PSDB) 20%, Jefferson Praia (PDT) 5%, Marilene Corrêa (PT) 4%."
2010-AM-011,2010,AM,Action,11-15/09,177.0,7,duas_mencoes_agregadas,False,False,2010-10-02T07:00:00-03:00,https://www.congressoemfoco.com.br/noticia/82698/a-disputa-para-o-senado-estado-por-estado,"Action 11-15/09 - Eduardo Braga (PMDB) 81%, Vanessa Graziotin (PCdoB) 41%, Arthur Virgílio (PSDB) 40%, Jefferson Praia (PDT) 7%, Marilene Corrêa (PT) 6%, Francisco Castelo (PCB) 1%, Evandro Carrera (Psol) 1%."
2010-AM-012,2010,AM,Ibope,10-12/09,168.0,6,duas_mencoes_agregadas,False,False,2010-10-02T07:00:00-03:00,https://www.congressoemfoco.com.br/noticia/82698/a-disputa-para-o-senado-estado-por-estado,"Ibope 10-12/09 - Eduardo Braga (PMDB) 80%, Vanessa Graziotin (PCdoB) 39%, Arthur Virgílio (PSDB) 34%, Jefferson Praia (PDT) 9%, Marilene Corrêa (PT) 5%, Francisco Castelo (PCB) 1%."
2010-BA-013,2010,BA,Datafolha,28-29/09,139.0,9,duas_mencoes_agregadas,False,False,2010-10-02T07:00:00-03:00,https://www.congressoemfoco.com.br/noticia/82698/a-disputa-para-o-senado-estado-por-estado,"Datafolha 28-29/09 - César Borges (PR) 34%, Lídice da Mata (PSB) 34%, Walter Pinheiro (PT) 30%, José Carlos Aleluia (DEM) 13%, José Ronaldo (DEM) 12%, Evaldo Brito (PTB) 11%, Edson Duarte (PV) 3%, Zilmar (Psol) 1%, França (Psol) 1%."
2010-BA-014,2010,BA,Ibope,21-23/09,134.0,11,duas_mencoes_agregadas,False,False,2010-10-02T07:00:00-03:00,https://www.congressoemfoco.com.br/noticia/82698/a-disputa-para-o-senado-estado-por-estado,"Ibope 21-23/09 Walter Pinheiro (PT) 35%, Lídice da Mata (PSB) 32%, César Borges (PR) 29%, José Ronaldo (DEM) 12%, José Carlos Aleluia (DEM) 9%, Evaldo Brito (PTB) 9%, Edson Duarte (PV) 3%, Zilmar (Psol) 2%, França (Psol) 1%, Albione (PSTU) 1%, Carlos Sampaio (PCB) 1%."
2010-BA-015,2010,BA,Datafolha,13-14/09,100.0,10,nao_identificado,False,False,2010-10-02T07:00:00-03:00,https://www.congressoemfoco.com.br/noticia/82698/a-disputa-para-o-senado-estado-por-estado,"Datafolha 13-14/09 - César Borges (PR) 25%, Lídice da Mata (PSB) 24%, Walter Pinheiro (PT) 23%, José Ronaldo (DEM) 9%, Evaldo Brito (PTB) 7%, José Carlos Aleluia (DEM) 6%, Edson Duarte (PV) 2%, Zilmar (Psol) 2%, França (Psol) 1%, Albione (PSTU) 1%."
2010-CE-016,2010,CE,Ibope,27-29/09,147.0,9,duas_mencoes_agregadas,False,False,2010-10-02T07:00:00-03:00,https://www.congressoemfoco.com.br/noticia/82698/a-disputa-para-o-senado-estado-por-estado,"Ibope 27-29/09 - Tasso Jereissati (PSDB) 50%, Eunício de Oliveira (PMDB) 47%, José Pimentel (PT) 42%, Alexandre Pereira (PPS) 3%, Marilene Torres (Psol) 1%, Tarcísio Leitão (PCB) 1%, Raquel Dias (PSTU) 1%, Reginaldo Araújo (PSTU) 1%, Paulo Eduardo Teixeira, o Pólo (PV) 1%."
2010-CE-017,2010,CE,Datafolha,9-10/09,123.0,10,duas_mencoes_agregadas,False,False,2010-10-02T07:00:00-03:00,https://www.congressoemfoco.com.br/noticia/82698/a-disputa-para-o-senado-estado-por-estado,"Datafolha 9-10/09 - Tasso Jereissati (PSDB) 48%, Eunício de Oliveira (PMDB) 34%, José Pimentel (PT) 31%, Tarcísio Leitão (PCB) 2%, Alexandre Pereira (PPS) 2%, Raquel Dias (PSTU) 2%, Marilene Torres (Psol) 1%, Reginaldo Araújo (PSTU) 1%, Benedito Oliveira (PCB) 1%, Paulo Eduardo Teixeira, o Pólo (PV) 1%."
2010-CE-018,2010,CE,Ibope,30/08,139.0,9,duas_mencoes_agregadas,False,False,2010-10-02T07:00:00-03:00,https://www.congressoemfoco.com.br/noticia/82698/a-disputa-para-o-senado-estado-por-estado,"Ibope 30/08-01/09 - Tasso Jereissati (PSDB) 63%, Eunício de Oliveira (PMDB) 35%, José Pimentel (PT) 31%, Tarcísio Leitão (PCB) 3%, Alexandre Pereira (PPS) 2%, Marilene Torres (Psol) 2%, Raquel Dias (PSTU) 1%, Benedito Oliveira (PCB) 1%, Reginaldo Araújo (PSTU) 1%."
2010-DF-019,2010,DF,Datafolha,28-29/09,141.0,11,duas_mencoes_agregadas,False,False,2010-10-02T07:00:00-03:00,https://www.congressoemfoco.com.br/noticia/82698/a-disputa-para-o-senado-estado-por-estado,"Datafolha 28-29/09 - Cristovam Buarque (PDT) 48%, Rodrigo Rollemberg (PSB) 38%, Alberto Fraga (DEM) 24%, Maria Abadia (PSDB) 23%, Pastor (Milton Tadashi (PTN) 2%, Chico Sant'anna (Psol) 1%, Rosana Chaib (PCB) 1%, Gerônimo (PSL) 1%, Moacir Bueno (PV) 1%, Jorge Antunes (Psol) 1%, Cadu Valadares (PV) 1%."
2010-DF-020,2010,DF,Ibope,21-23/09,143.0,10,duas_mencoes_agregadas,False,False,2010-10-02T07:00:00-03:00,https://www.congressoemfoco.com.br/noticia/82698/a-disputa-para-o-senado-estado-por-estado,"Ibope 21-23/09 - Cristovam Buarque (PDT) 50%, Rodrigo Rollemberg (PSB) 41%, Maria Abadia (PSDB) 24%, Alberto Fraga (DEM) 20%, Cadu Valadares (PV) 2%, Chico Sant'anna (Psol) 2%, Jorge Antunes (Psol) 1%, Pastor Milton Tadashi (PTN) 1%, Moacir Bueno (PV) 1%, Robson (PSTU) 1%."
2010-DF-021,2010,DF,Datafolha,21-22/09,126.0,7,duas_mencoes_agregadas,False,False,2010-10-02T07:00:00-03:00,https://www.congressoemfoco.com.br/noticia/82698/a-disputa-para-o-senado-estado-por-estado,"Datafolha 21-22/09 - Cristovam Buarque (PDT) 45%, Rodrigo Rollemberg (PSB) 36%, Maria Abadia (PSDB) 22%, Alberto Fraga (DEM) 18%, Chico Sant'anna (Psol) 2%, Pastor Milton Tadashi (PTN) 2%, Rosana Chaib (PCB) 1%."
2010-ES-022,2010,ES,Flexconsult,26-28/09,165.0,5,duas_mencoes_agregadas,False,False,2010-10-02T07:00:00-03:00,https://www.congressoemfoco.com.br/noticia/82698/a-disputa-para-o-senado-estado-por-estado,"Flexconsult 26-28/09 - Magno Malta (PR) 68%, Ricardo Ferraço (PMDB) 58,1%, Rita Camata (PSDB) 25,7%, Professor Renato (Psol) 8,8%, José Carlos Gratz (PSL) 4,4%."
2010-ES-023,2010,ES,Visão,20-22/09,169.0,5,duas_mencoes_agregadas,False,False,2010-10-02T07:00:00-03:00,https://www.congressoemfoco.com.br/noticia/82698/a-disputa-para-o-senado-estado-por-estado,"Visão 20-22/09 - Magno Malta (PR) 66,4%, Ricardo Ferraço (PMDB) 59,3%, Rita Camata (PSDB) 28,8%, Professor Renato (Psol) 9,4%, José Carlos Gratz (PSL) 5,1%."
2010-ES-024,2010,ES,Ibope,07-09/09,145.0,5,duas_mencoes_agregadas,False,False,2010-10-02T07:00:00-03:00,https://www.congressoemfoco.com.br/noticia/82698/a-disputa-para-o-senado-estado-por-estado,"Ibope 07-09/09 - Magno Malta (PR) 59%, Ricardo Ferraço (PMDB) 52%, Rita Camata (PSDB) 24%, José Carlos Gratz (PSL) 5%, Professor Renato (Psol) 5%."
2010-GO-025,2010,GO,Serpes,25-27/09,75.29,8,nao_identificado,False,False,2010-10-02T07:00:00-03:00,https://www.congressoemfoco.com.br/noticia/82698/a-disputa-para-o-senado-estado-por-estado,"Serpes 25-27/09 - Demóstenes Torres (DEM) 32,5%, Lúcia Vânia (PSDB) 22,99%, Pedro Wilson (PT) 9,7%, Adib Elias (PMDB) 4,4%, Paulo Roberto Cunha (PP) 3,6%, Elias Vaz (Psol) 1%, Rubens Donizzeti (PSTU) 0,6%, Bernardo Bispo (PCB) 0,5%."
2010-GO-026,2010,GO,Ibope,21-23/09,138.0,9,duas_mencoes_agregadas,False,False,2010-10-02T07:00:00-03:00,https://www.congressoemfoco.com.br/noticia/82698/a-disputa-para-o-senado-estado-por-estado,"Ibope 21-23/09 - Demóstenes Torres (DEM) 52%, Lúcia Vânia (PSDB) 39%, Pedro Wilson (PT) 18%, Adib Elias (PMDB) 11%, Renner (PP) 7%, Paulo Roberto Cunha (PP) 6%, Elias Vaz (Psol) 3%, Rubens Donizzeti (PSTU) 1%, Bernardo Bispo (PCB) 1%."
2010-GO-027,2010,GO,Ibope,07-09/09,129.0,9,duas_mencoes_agregadas,False,False,2010-10-02T07:00:00-03:00,https://www.congressoemfoco.com.br/noticia/82698/a-disputa-para-o-senado-estado-por-estado,"Ibope 07-09/09 - Demóstenes Torres (DEM) 49%, Lúcia Vânia (PSDB) 39%, Pedro Wilson (PT) 15%, Paulo Roberto Cunha (PP) 7%, Adib Elias (PMDB) 7%, Renner (PP) 6%, Elias Vaz (Psol) 3%, Rubens Donizzeti (PSTU) 2%, Bernardo Bispo (PCB) 1%."
2010-MA-028,2010,MA,Escutec,18-21/09,170.3,11,duas_mencoes_agregadas,False,False,2010-10-02T07:00:00-03:00,https://www.congressoemfoco.com.br/noticia/82698/a-disputa-para-o-senado-estado-por-estado,"Escutec 18-21/09 - Edison Lobão (PMDB) 54,8%, João Alberto 39,3%, Zé Reinaldo (PSB) 25,1%, Edson Vidigal (PSDB) 28%, Roberto Rocha (PSDB) 17,9%, Professor Adonilson (PC do B) 1,8%, Noleto (PSTU) 1,4%, Charles Vieira (PCB) 1%, Professora Socorro (Psol) 0,4%, Claudicea Durans (PSTU) 0,3%, Paulo Rios (Psol) 0,3%."
2010-MA-029,2010,MA,Ibope,14-16/09,119.0,11,duas_mencoes_agregadas,False,False,2010-10-02T07:00:00-03:00,https://www.congressoemfoco.com.br/noticia/82698/a-disputa-para-o-senado-estado-por-estado,"Ibope 14-16/09 - Edison Lobão (PMDB) 42%, João Alberto 33%, Zé Reinaldo (PSB) 16%, Edson Vidigal (PSDB) 11%, Roberto Rocha (PSDB) 10%, Noleto (PSTU) 2%, Charles Vieira (PCB) 1%, Claudicea Durans (PSTU) 1%, Paulo Rios (Psol) 1%, Professor Adonilson (PC do B) 1%, Professora Socorro (Psol) 1%."
2010-MA-030,2010,MA,Ibope,24-29/08,107.0,10,duas_mencoes_agregadas,False,False,2010-10-02T07:00:00-03:00,https://www.congressoemfoco.com.br/noticia/82698/a-disputa-para-o-senado-estado-por-estado,"Ibope 24-29/08 - Edison Lobão (PMDB) 39%, João Alberto 28%, Zé Reinaldo (PSB) 16%, Edson Vidigal (PSDB) 10%, Roberto Rocha (PSDB) 7%, Noleto (PSTU) 2%, Professora Socorro (Psol) 2%, Charles Vieira (PCB) 1%, Paulo Rios (Psol) 1%, Professor Adonilson (PC do B) 1%."
2010-MT-031,2010,MT,Gazeta Dados,25-26/09,149.0,4,duas_mencoes_agregadas,False,False,2010-10-02T07:00:00-03:00,https://www.congressoemfoco.com.br/noticia/82698/a-disputa-para-o-senado-estado-por-estado,"Gazeta Dados 25-26/09 - Blairo Maggi (PR) 64%, Carlos Abicalil (PT) 29%, Antero Paes de Barros (PSDB) 28%, Pedro Taques (PDT) 28%."
2010-MT-032,2010,MT,Ibope,21-23/09,162.0,7,duas_mencoes_agregadas,False,False,2010-10-02T07:00:00-03:00,https://www.congressoemfoco.com.br/noticia/82698/a-disputa-para-o-senado-estado-por-estado,"Ibope 21-23/09 - - Blairo Maggi (PR) 67%, Carlos Abicalil (PT) 36%, Antero Paes de Barros (PSDB) 24%, Pedro Taques (PDT) 21%, Procurador Mauro (Psol) 7%, Jorge Yanai (DEM) 6%, Naildo (PV) 1%."
2010-MT-033,2010,MT,Ibope,31/08,152.0,7,duas_mencoes_agregadas,False,False,2010-10-02T07:00:00-03:00,https://www.congressoemfoco.com.br/noticia/82698/a-disputa-para-o-senado-estado-por-estado,"Ibope 31/08-02/09 - Blairo Maggi (PR) 71%, Carlos Abicalil (PT) 32%, Antero Paes de Barros (PSDB) 27%, Pedro Taques (PDT) 15%, Procurador Mauro (Psol) 4%, Jorge Yanai (DEM) 2%, Naildo (PV) 1%."
2010-MS-034,2010,MS,Ibope,21-23/09,162.0,5,duas_mencoes_agregadas,False,False,2010-10-02T07:00:00-03:00,https://www.congressoemfoco.com.br/noticia/82698/a-disputa-para-o-senado-estado-por-estado,"Ibope 21-23/09 - Delcídio do Amaral (PT) 63%, Dagoberto Nogueira (PDT) 37%, Valdemir Moka (PMDB) 32%, Murilo Zaiuth (DEM) 29%, Jorge Batista (Psol) 1%."
2010-MS-035,2010,MS,Ibrape,17-19/09,167.0,5,duas_mencoes_agregadas,False,False,2010-10-02T07:00:00-03:00,https://www.congressoemfoco.com.br/noticia/82698/a-disputa-para-o-senado-estado-por-estado,"Ibrape 17-19/09 - Delcídio do Amaral (PT) 64%, Dagoberto Nogueira (PDT) 38%, Valdemir Moka (PMDB) 38%, Murilo Zaiuth (DEM) 25%, Jorge Batista (Psol) 2%."
2010-MS-036,2010,MS,Ibope,31/08,148.0,5,duas_mencoes_agregadas,False,False,2010-10-02T07:00:00-03:00,https://www.congressoemfoco.com.br/noticia/82698/a-disputa-para-o-senado-estado-por-estado,"Ibope 31/08-02/09 - Delcídio do Amaral (PT) 64%, Dagoberto Nogueira (PDT) 35%, Valdemir Moka (PMDB) 30%, Murilo Zaiuth (DEM) 18%, Jorge Batista (Psol) 1%."
2010-MG-037,2010,MG,Datafolha,28-29/09,157.0,11,duas_mencoes_agregadas,False,False,2010-10-02T07:00:00-03:00,https://www.congressoemfoco.com.br/noticia/82698/a-disputa-para-o-senado-estado-por-estado,"Datafolha 28-29/09 - Aécio Neves (PSDB) 67%, Itamar Franco (PPS) 43%, Fernando Pimentel (PT) 34%, Zito Vieira (PCdoB) 4%, Marilda Ribeiro (Psol) 2%, Miguel Martini (PHS) 2%, Rafael Pimenta (PCB) 1%, José João da Silva (PSTU) 1%, Betão (PCO) 1%, Efraim Moura (PSTU) 1%, Mineirinho (Psol) 1%."
2010-MG-038,2010,MG,Ibope,23-25/09,147.0,5,duas_mencoes_agregadas,False,False,2010-10-02T07:00:00-03:00,https://www.congressoemfoco.com.br/noticia/82698/a-disputa-para-o-senado-estado-por-estado,"Ibope 23-25/09 - Aécio Neves (PSDB) 69%, Itamar Franco (PPS) 44%, Fernando Pimentel (PT) 29%, Zito Vieira (PCdoB) 3%, Miguel Martini (PHS) 2%."
2010-MG-039,2010,MG,Ibope,18-20/09,143.0,4,duas_mencoes_agregadas,False,False,2010-10-02T07:00:00-03:00,https://www.congressoemfoco.com.br/noticia/82698/a-disputa-para-o-senado-estado-por-estado,"Ibope 18-20/09 - Aécio Neves (PSDB) 67%, Itamar Franco (PPS) 44%, Fernando Pimentel (PT) 30%, Zito Vieira (PCdoB) 2%."
2010-PA-040,2010,PA,Ibope,14-16/09,129.0,10,duas_mencoes_agregadas,False,False,2010-10-02T07:00:00-03:00,https://www.congressoemfoco.com.br/noticia/82698/a-disputa-para-o-senado-estado-por-estado,"Ibope 14-16/09 - Jader Barbalho (PMDB) 42%, Flexa Ribeiro (PSDB) 33%, Paulo Rocha (PT) 29%, Marinor Brito (Psol) 8%, Paulo Braga (PSTU) 7%, Abel Ribeiro (PSTU) 3%, Professora Neide (PSB) 2%, João Augusto (Psol) 2%, Yamada (PTB) 2%, Savanas (PV) 1%."
2010-PA-041,2010,PA,Veritate,09-14/09,81.4,4,nao_identificado,False,False,2010-10-02T07:00:00-03:00,https://www.congressoemfoco.com.br/noticia/82698/a-disputa-para-o-senado-estado-por-estado,"Veritate 09-14/09 - Jader Barbalho (PMDB) 33,5%, Paulo Rocha (PT) 22,4%, Flexa Ribeiro (PSDB) 21,3%, Marinor Brito (Psol) 4,2%."
2010-PA-042,2010,PA,Ibope,24-26/09,127.0,10,duas_mencoes_agregadas,False,False,2010-10-02T07:00:00-03:00,https://www.congressoemfoco.com.br/noticia/82698/a-disputa-para-o-senado-estado-por-estado,"Ibope 24-26/09 - Jader Barbalho (PMDB) 50%, Paulo Rocha (PT) 28%, Flexa Ribeiro (PSDB) 23%, Marinor Brito (Psol) 7%, Paulo Braga (PSTU) 5%, João Augusto (Psol) 4%, Professora Neide (PSB) 3%, Abel Ribeiro (PSTU) 3%, Yamada (PTB) 3%, Savanas (PV) 1%."
2010-PB-043,2010,PB,Ibope,14-16/09,141.0,7,duas_mencoes_agregadas,False,False,2010-10-02T07:00:00-03:00,https://www.congressoemfoco.com.br/noticia/82698/a-disputa-para-o-senado-estado-por-estado,"Ibope 14-16/09 - Cássio Cunha Lima (PSDB) 49%, Vitalzinho (PMDB) 33%, Efraim Morais (DEM) 29%, Wilson Santiago (PMDB) 24%, Vital Farias (PCB) 4%, Edgard Malagodi (Psol) 1%, Marcos Dias (Psol) 1%."
2010-PB-044,2010,PB,Ibope,24-26/08,126.0,8,duas_mencoes_agregadas,False,False,2010-10-02T07:00:00-03:00,https://www.congressoemfoco.com.br/noticia/82698/a-disputa-para-o-senado-estado-por-estado,"Ibope 24-26/08 - Cássio Cunha Lima (PSDB) 46%, Vitalzinho (PMDB) 29%, Efraim Morais (DEM) 25%, Wilson Santiago (PMDB) 19%, Vital Farias (PCB) 3%, Maria das Dores (PCO) 2%, Edgard Malagodi (Psol) 1%, Marcos Dias (Psol) 1%."
2010-PB-045,2010,PB,Índice,14-15/08,67.9,7,nao_identificado,False,False,2010-10-02T07:00:00-03:00,https://www.congressoemfoco.com.br/noticia/82698/a-disputa-para-o-senado-estado-por-estado,"Índice 14-15/08 - Cássio Cunha Lima (PSDB) 31,6%, Vitalzinho (PMDB)17,8%, Efraim Morais (DEM) 17,2%, Wilson Santiago (PMDB) 13%, Vital Farias (PCB) 3,1%, Marcos Dias (Psol) 1,3%, Edgard Malagodi (Psol) 1,1%, Maria das Dores (PCO) 0,6%."
2010-PR-046,2010,PR,Datafolha,13-14/09,135.0,9,duas_mencoes_agregadas,False,False,2010-10-02T07:00:00-03:00,https://www.congressoemfoco.com.br/noticia/82698/a-disputa-para-o-senado-estado-por-estado,"Datafolha 13-14/09 - Roberto Requião (PMDB) 44%, Gleisi Hoffman (PT) 44%, Gustavo Fruet (PSDB) 21%, Ricardo Barros (PP) 18%, Rubens Hering (PV) 3%, Gilberto (PSB) 2%, Piva (Psol) 1%, Valmor (Psol) 1%, Sargento QE Pedroso (PRTB) 1%."
2010-PR-047,2010,PR,Datafolha,08-09/09,137.0,11,duas_mencoes_agregadas,False,False,2010-10-02T07:00:00-03:00,https://www.congressoemfoco.com.br/noticia/82698/a-disputa-para-o-senado-estado-por-estado,"Datafolha 08-09/09 - Roberto Requião (PMDB) 47%, Gleisi Hoffman (PT) 41%, Gustavo Fruet (PSDB) 22%, Ricardo Barros (PP) 16%, Sargento Jensen (PRTB) 2%, Gilberto (PSB) 2%, Rubens Hering (PV) 2%, Piva (Psol) 2%, Valmor (Psol) 1%, Irineu Fritz (PT do B) 1%, Sargento QE Pedroso (PRTB) 1%."
2010-PR-048,2010,PR,Ibope,06-08/09,139.0,8,duas_mencoes_agregadas,False,False,2010-10-02T07:00:00-03:00,https://www.congressoemfoco.com.br/noticia/82698/a-disputa-para-o-senado-estado-por-estado,"Ibope 06-08/09 - Roberto Requião (PMDB) 50%, Gleisi Hoffman (PT) 47%, Gustavo Fruet (PSDB) 21%, Ricardo Barros (PP) 15%, Gilberto (PSB) 2%, Rubens Hering (PV) 2%, Piva (Psol) 1%, Valmor (Psol) 1%."
2010-PE-049,2010,PE,Datafolha,28-29/09,139.0,9,duas_mencoes_agregadas,False,False,2010-10-02T07:00:00-03:00,https://www.congressoemfoco.com.br/noticia/82698/a-disputa-para-o-senado-estado-por-estado,"Datafolha 28-29/09 - Humberto Costa (PT) 50%, Armando Monteiro Neto (PTB) 42%, Marco Maciel (DEM) tem 31%, Raul Jungmann (PPS) 11%, Renê Patriota (PV) 1%, Hélio Cabral (PSTU) 1%, Simone Fontana (PSTU) 1%, Lairson Lucena (PRTB) 1%, Danúbio Aguiar (PCB) 1%."
2010-PE-050,2010,PE,Ibope,21-23/09,148.0,7,duas_mencoes_agregadas,False,False,2010-10-02T07:00:00-03:00,https://www.congressoemfoco.com.br/noticia/82698/a-disputa-para-o-senado-estado-por-estado,"Ibope 21-23/09 - Humberto Costa (PT) 59%, Armando Monteiro Neto (PTB) 43%, Marco Maciel (DEM) tem 33%, Raul Jungmann (PPS) 10%, Renê Patriota (PV) 1%, Simone Fontana (PSTU) 1%, Hélio Cabral (PSTU) 1%."
2010-PE-051,2010,PE,Datafolha,13-14/09,131.0,9,duas_mencoes_agregadas,False,False,2010-10-02T07:00:00-03:00,https://www.congressoemfoco.com.br/noticia/82698/a-disputa-para-o-senado-estado-por-estado,"Datafolha 13-14/09 - Humberto Costa (PT) 47%, Marco Maciel (DEM) tem 34%, Armando Monteiro Neto (PTB) 32%, Raul Jungmann (PPS) 11%, Hélio Cabral (PSTU) 2%, Renê Patriota (PV) 2%, Danúbio Aguiar (PCB) 1%, Simone Fontana (PSTU) 1%, Jerônimo Ribeiro (Psol) 1%."
2010-PI-052,2010,PI,Jales,20-25/09,134.5,11,duas_mencoes_agregadas,False,False,2010-10-02T07:00:00-03:00,https://www.congressoemfoco.com.br/noticia/82698/a-disputa-para-o-senado-estado-por-estado,"Jales 20-25/09 - Wellington Dias (PT) 61,7%, Ciro Nogueira Filho (PP)29,7%, Mão Santa (PSC) 27,9%, Heráclito Fortes (DEM) 25,3%, Antonio José Medeiros (PT) 14,8%, Sargento R. Silva (PP) 1,3%, Toim Dufrango (PSL) 1,2%, Pastor Moisés Pinto (PMN) 1,1%, Antonio Florentino (PV) 0,8%, Gervásio Santos (PSTU) 0,2%, Marineide Albuquerque (Psol) 0,1%, Zilton Duarte (Psol) 0,1%."
2010-PI-053,2010,PI,Ibope,21-23/09,152.0,8,duas_mencoes_agregadas,False,False,2010-10-02T07:00:00-03:00,https://www.congressoemfoco.com.br/noticia/82698/a-disputa-para-o-senado-estado-por-estado,"Ibope 21-23/09 - Wellington Dias (PT) 59%, Mão Santa (PSC) 30%, Ciro Nogueira Filho (PP) 27%, Heráclito Fortes (DEM) 20%, Antonio José Medeiros (PT) 13%, Toim Dufrango (PSL) 1%, Antonio Florentino (PV) 1%, Pastor Moisés Pinto (PMN) 1%."
2010-PI-054,2010,PI,Ibope,07-09/09,143.0,9,duas_mencoes_agregadas,False,False,2010-10-02T07:00:00-03:00,https://www.congressoemfoco.com.br/noticia/82698/a-disputa-para-o-senado-estado-por-estado,"Ibope 07-09/09 - Wellington Dias (PT) 55%, Mão Santa (PSC) 29%, Ciro Nogueira Filho (PP) 23%, Heráclito Fortes (DEM) 21%, Antonio José Medeiros (PT) 11%, Antonio Florentino (PV) 1%, Pastor Moisés Pinto (PMN) 1%, Sargento R. Silva (PP) 1%, Toim Dufrango (PSL) 1%."
2010-RJ-055,2010,RJ,Datafolha,28-29/09,155.0,11,duas_mencoes_agregadas,False,False,2010-10-02T07:00:00-03:00,https://www.congressoemfoco.com.br/noticia/82698/a-disputa-para-o-senado-estado-por-estado,"Datafolha 28-29/09 - Lindbergh Farias (PT) 40%, Marcelo Crivella (PRB) 38%, Cesar Maia (DEM) 24%, Jorge Picciani (PMDB) 24%, Waguinho (PTdoB) 13%, Marcelo Cerqueira (PPS) 6%, Milton Temer (Psol) 5%, Carlos Dias (PTdoB) 2%, Wladimir Mutt (PCB) 1%, Claiton (PSTU) 1%, Heitor (PSTU) 1%."
2010-RJ-056,2010,RJ,Ibope,21-23/09,130.0,8,duas_mencoes_agregadas,False,False,2010-10-02T07:00:00-03:00,https://www.congressoemfoco.com.br/noticia/82698/a-disputa-para-o-senado-estado-por-estado,"Ibope 21-23/09 - Lindbergh Farias (PT) 37%, Marcelo Crivella (PRB) 34%, Cesar Maia (DEM) 23%, Jorge Picciani (PMDB) 23%, Waguinho (PT do B) 7%, Marcelo Cerqueira (PPS) 3%, Milton Temer (Psol) 2%, Carlos Dias (PTdoB) 1%."
2010-RJ-057,2010,RJ,Datafolha,13-14/09,146.0,10,duas_mencoes_agregadas,False,False,2010-10-02T07:00:00-03:00,https://www.congressoemfoco.com.br/noticia/82698/a-disputa-para-o-senado-estado-por-estado,"Datafolha 13-14/09 - Marcelo Crivella (PRB) 40%, Lindbergh Farias (PT) 38%, Cesar Maia (DEM) 27%, Jorge Picciani (PMDB) 21%, Waguinho (PTdoB) 7%, Marcelo Cerqueira (PPS) 4%, Milton Temer (Psol) 4%, Carlos Dias (PTdoB) 3%, Wladimir Mutt (PCB) 1%, Claiton (PSTU) 1%."
2010-RN-058,2010,RN,Ibope,20-22/09,165.0,8,duas_mencoes_agregadas,False,False,2010-10-02T07:00:00-03:00,https://www.congressoemfoco.com.br/noticia/82698/a-disputa-para-o-senado-estado-por-estado,"Ibope 20-22/09 - Garibaldi Alves Filho (PMDB) 60%, José Agripino (DEM) 58%, Vilma (PSB) 37%, Hugo Manso (PT) 6%, Sávio (PC do B) 1%, Dr. Joanilson (PSDC) 1%, Alexandre Guedes (PSTU) 1%, Dário (PSTU) 1%."
2010-RN-059,2010,RN,Start,11-13/09,151.7,11,duas_mencoes_agregadas,False,False,2010-10-02T07:00:00-03:00,https://www.congressoemfoco.com.br/noticia/82698/a-disputa-para-o-senado-estado-por-estado,"Start 11-13/09 - Garibaldi Alves Filho (PMDB) 51,3%, José Agripino (DEM) 50,3%, Vilma (PSB) 37,4%, Hugo Manso (PT) 5,8%, Alexandre Guedes (PSTU) 1,8%, Dr. Joanilson (PSDC) 1,8%, Sávio (PC do B) 1,3%, Ronaldo Garcia (Psol) 0,9%, Valdemar Soares (Psol) 0,5%, Marconio Cruz (PRTB) 0,4%, Pr. Clóvis Costa (PTC) 0,3, Dário (PSTU) 0,2%."
2010-RN-060,2010,RN,Ibope,08-10/09,159.0,8,duas_mencoes_agregadas,False,False,2010-10-02T07:00:00-03:00,https://www.congressoemfoco.com.br/noticia/82698/a-disputa-para-o-senado-estado-por-estado,"Ibope 08-10/09 - Garibaldi Alves Filho (PMDB) 60%, José Agripino (DEM) 54%, Vilma (PSB) 35%, Hugo Manso (PT) 6%, Dário (PSTU) 1%, Dr. Joanilson (PSDC) 1%, Ronaldo Garcia (Psol) 1%, Sávio (PCdoB) 1%Valdemar Soares (Psol) 1%."
2010-RS-061,2010,RS,Datafolha,28-29/09,158.0,8,duas_mencoes_agregadas,False,False,2010-10-02T07:00:00-03:00,https://www.congressoemfoco.com.br/noticia/82698/a-disputa-para-o-senado-estado-por-estado,"Datafolha 28-29/09 - Ana Amélia Lemos (PP) 53%, Paulo Paim (PT) 49%, Germano Rigotto (PMDB) 39%, Abgail Pereira (PCdoB) 12%, Vera Guasso (PSTU) 2%, José Schneider (PMN) 1%, Professor Marcos Monteiro (PV) 1%, Lucas (Psol) 1%."
2010-RS-062,2010,RS,Ibope,21-23/09,150.0,9,duas_mencoes_agregadas,False,False,2010-10-02T07:00:00-03:00,https://www.congressoemfoco.com.br/noticia/82698/a-disputa-para-o-senado-estado-por-estado,"Ibope 21-23/09 - Ana Amélia Lemos (PP) 48%, Paulo Paim (PT) 46%, Germano Rigotto (PMDB) 33%, Abgail Pereira (PCdoB) 16%, Vera Guasso (PSTU) 3%, Lucas (Psol) 1%, Professor Marcos Monteiro (PV) 1%, Roberto Gross (PTC) 1%, Berna Menezes (Psol) 1%."
2010-RS-063,2010,RS,Datafolha,21-22/09,146.0,6,duas_mencoes_agregadas,False,False,2010-10-02T07:00:00-03:00,https://www.congressoemfoco.com.br/noticia/82698/a-disputa-para-o-senado-estado-por-estado,"Datafolha 21-22/09 - Ana Amélia Lemos (PP) 49%, Paulo Paim (PT) 45%, Germano Rigotto (PMDB) 38%, Abgail Pereira (PCdoB) 10%, Vera Guasso (PSTU) 2%, José Schneider (PMN) 2%."
2010-RO-064,2010,RO,Phoenix,02-06/09,81.22,3,nao_identificado,False,False,2010-10-02T07:00:00-03:00,https://www.congressoemfoco.com.br/noticia/82698/a-disputa-para-o-senado-estado-por-estado,"Phoenix 02-06/09 - Valdir Raupp (PMDB) 32,9%, Ivo Cassol (PP) 30,64%, Fátima Cleide (PT) 17,68%."
2010-RO-065,2010,RO,Ibope,28-30/08,146.0,7,duas_mencoes_agregadas,False,False,2010-10-02T07:00:00-03:00,https://www.congressoemfoco.com.br/noticia/82698/a-disputa-para-o-senado-estado-por-estado,"Ibope 28-30/08 - Ivo Cassol (PP) 52%, Valdir Raupp (PMDB) 47%, Fátima Cleide (PT) 26%, Melki Donadon (PHS) 10%, Agnaldo Muniz (PSC) 8%, Aluizio Vidal (Psol) 2%, Pimenta de Rondônia (Psol) 1%."
2010-RO-066,2010,RO,Ibope,27-29/08,135.0,6,duas_mencoes_agregadas,False,False,2010-10-02T07:00:00-03:00,https://www.congressoemfoco.com.br/noticia/82698/a-disputa-para-o-senado-estado-por-estado,"Ibope 27-29/08 - Ivo Cassol (PP) 45%, Valdir Raupp (PMDB) 39%, Fátima Cleide (PT) 29%, Melki Donadon (PHS) 10%, Agnaldo Muniz (PSC) 7%, Aluizio Vidal (Psol) 5%."
2010-RR-067,2010,RR,Phoenix,06-09/09,76.08,5,nao_identificado,False,False,2010-10-02T07:00:00-03:00,https://www.congressoemfoco.com.br/noticia/82698/a-disputa-para-o-senado-estado-por-estado,"Phoenix 06-09/09 - Romero Jucá (PMDB) 30,88%, Ângela Portela (PT) 23,66%, Marluce Pinto (PSDB) 14,94%, Telmário Mota (PDT) 4,23%, Hiran Gonçalves (PHS) 2,37%."
2010-RR-068,2010,RR,Ibope,28-30/08,160.0,7,duas_mencoes_agregadas,False,False,2010-10-02T07:00:00-03:00,https://www.congressoemfoco.com.br/noticia/82698/a-disputa-para-o-senado-estado-por-estado,"Ibope 28-30/08 - Romero Jucá (PMDB) 53%, Ângela Portela (PT) 47%, Marluce Pinto (PSDB) 40%, Telmário Mota (PDT) 11%, Aimberê Freitas (PV) 4%, Hiran Gonçalves (PHS) 4%, Jorge Schwinden (Psol) 1%."
2010-RR-069,2010,RR,Ibope,27-29/07,145.0,8,duas_mencoes_agregadas,False,False,2010-10-02T07:00:00-03:00,https://www.congressoemfoco.com.br/noticia/82698/a-disputa-para-o-senado-estado-por-estado,"Ibope 27-29/07 - Romero Jucá (PMDB) 52%, Marluce Pinto (PSDB) 41%, Ângela Portela (PT) 36%, Telmário Mota (PDT) 8%, Hiran Gonçalves (PHS) 4%, Aimberê Freitas (PV) 2%, Leopoldo Junior (PCO) 1%, Lauro Barreto (PHS) 1%."
2010-SC-070,2010,SC,Ibope,21-23/09,117.0,11,duas_mencoes_agregadas,False,False,2010-10-02T07:00:00-03:00,https://www.congressoemfoco.com.br/noticia/82698/a-disputa-para-o-senado-estado-por-estado,"Ibope 21-23/09 - Luiz Henrique da Silveira (PMDB) 45%, Paulo Bauer (DEM) 25%, Claudio Vignatti (PT) 21%, Hugo Biehl (PP) 11%, Ghizoni (PC do B) 5%, Joaninha (PSTU) 3%, Beth Tiscoski (PP) 3%, Fabiano Piovezan (PV) 1%, Alex (PSTU) 1%, Professor Wesley (PPS) 1%, Paulo Afonso (Psol) 1%."
2010-SC-071,2010,SC,Mapa,15-16/09,120.4,11,duas_mencoes_agregadas,False,False,2010-10-02T07:00:00-03:00,https://www.congressoemfoco.com.br/noticia/82698/a-disputa-para-o-senado-estado-por-estado,"Mapa 15-16/09 - Luiz Henrique da Silveira (PMDB) 40,5%, Paulo Bauer (DEM) 24,9%, Claudio Vignatti (PT) 17,6%, Hugo Biehl (PP) 11,4%, Paulo Afonso (Psol) 9%, Beth Tiscoski (PP) 4,7%, Ghizoni (PC do B) 4,2%, Fabiano Piovezan (PV) 3%, Professor Wesley (PPS) 2,4%, Joaninha (PSTU) 2%, Alex (PSTU) 0,7%."
2010-SC-072,2010,SC,Ibope,07-09/09,114.0,11,duas_mencoes_agregadas,False,False,2010-10-02T07:00:00-03:00,https://www.congressoemfoco.com.br/noticia/82698/a-disputa-para-o-senado-estado-por-estado,"Ibope 07-09/09 - Luiz Henrique da Silveira (PMDB) 45%, Paulo Bauer (DEM) 23%, Claudio Vignatti (PT) 16%, Hugo Biehl (PP) 11%, Joaninha (PSTU) 5%, Beth Tiscoski (PP) 4%, Fabiano Piovezan (PV) 3%, Ghizoni (PC do B) 3%, Paulo Afonso (Psol) 2%, Professor Wesley (PPS) 1%, Alex (PSTU) 1%."
2010-SP-073,2010,SP,Datafolha,28-29/09,152.0,12,duas_mencoes_agregadas,False,False,2010-10-02T07:00:00-03:00,https://www.congressoemfoco.com.br/noticia/82698/a-disputa-para-o-senado-estado-por-estado,"Datafolha 28-29/09 - Netinho de Paula (PCdoB) 39%, Marta Suplicy (PT) 37%, Aloysio Nunes Ferreira (PSDB) 29%, Romeu Tuma (PTB) 20%, Ciro Moura (PTC) 8%, Moacyr Franco (PSL) 6%, Ricardo Young (PV) 5%, Ana Luiza (PSTU) 3%, Serpa (PSB) 2%, Marcelo Henrique (Psol) 1%, Afonso Teixeira (PCO) 1%, Dirceu Travesso (PSTU) 1%."
2010-SP-074,2010,SP,Ibope,21-23/09,143.0,11,duas_mencoes_agregadas,False,False,2010-10-02T07:00:00-03:00,https://www.congressoemfoco.com.br/noticia/82698/a-disputa-para-o-senado-estado-por-estado,"Ibope 21-23/09 - Marta Suplicy (PT) 38%, Netinho de Paula (PCdoB) 37%, Aloysio Nunes Ferreira (PSDB) 25%, Romeu Tuma (PTB) 20%, Ciro Moura (PTC) 7%, Moacyr Franco (PSL) 5%, Ricardo Young (PV) 5%, Serpa (PSB) 2%, Ana Luiza (PSTU) 2%, Afonso Teixeira (PCO) 1%, Marcelo Henrique (Psol) 1%."
2010-SP-075,2010,SP,Datafolha,13-14/09,139.0,12,duas_mencoes_agregadas,False,False,2010-10-02T07:00:00-03:00,https://www.congressoemfoco.com.br/noticia/82698/a-disputa-para-o-senado-estado-por-estado,"Datafolha 13-14/09 - Marta Suplicy (PT) 35%, Netinho de Paula (PCdoB) 34%, Romeu Tuma (PTB) 22%, Aloysio Nunes Ferreira (PSDB) 17%, Ciro Moura (PTC) 11%, Moacyr Franco (PSL) 7%, Ana Luiza (PSTU) 3%, Ricardo Young (PV) 3%, Serpa (PSB) 2%, Marcelo Henrique (Psol) 2%, Dirceu Travesso (PSTU) 2%, Afonso Teixeira (PCO) 1% Mazzeo (PCB) 1%."
2010-SE-076,2010,SE,Ibope,20-22/09,135.0,8,duas_mencoes_agregadas,False,False,2010-10-02T07:00:00-03:00,https://www.congressoemfoco.com.br/noticia/82698/a-disputa-para-o-senado-estado-por-estado,"Ibope 20-22/09 - Antônio Carlos Valadares (PSB) 41%, Eduardo Amorim (PSC) 38%, Albano Franco (PSDB) 35%, José Carlos Machado (DEM) 13%, Emanuel Cacho (PPS) 4%, Antônio Leite (PV) 2%, Atamario Cordeiro (Psol) 1%, Gugu Liberato (PRTB) 1%."
2010-SE-077,2010,SE,Soma,02-05/09,129.2,6,duas_mencoes_agregadas,False,False,2010-10-02T07:00:00-03:00,https://www.congressoemfoco.com.br/noticia/82698/a-disputa-para-o-senado-estado-por-estado,"Soma 02-05/09 - Antônio Carlos Valadares (PSB) 44,7%, Albano Franco (PSDB) 37,5%, Eduardo Amorim (PSC) 32,4%, José Carlos Machado (DEM) 11,8%, Antônio Leite (PV) 1,8%, Emanuel Cacho (PPS) 1%."
2010-SE-078,2010,SE,Ibope,24-26/08,109.0,12,duas_mencoes_agregadas,False,False,2010-10-02T07:00:00-03:00,https://www.congressoemfoco.com.br/noticia/82698/a-disputa-para-o-senado-estado-por-estado,"Ibope 24-26/08 - Antônio Carlos Valadares (PSB) 35%, Albano Franco (PSDB) 34%, Eduardo Amorim (PSC) 25%, José Carlos Machado (DEM) 7%, Gugu Liberato (PRTB) 1%, João Augusto Nascimento (PSDC) 1%, Emanuel Cacho (PPS) 1%, Antônio Leite (PV) 1%, Lourdinha (PSTU) 1%, Paulinho da União Tur (PRTB) 1%, Professor Lula (PCB) 1%, Professor Marques (PCB) 1%."
2010-TO-079,2010,TO,Ibope,26-28/09,153.0,4,duas_mencoes_agregadas,False,False,2010-10-02T07:00:00-03:00,https://www.congressoemfoco.com.br/noticia/82698/a-disputa-para-o-senado-estado-por-estado,"Ibope 26-28/09 - João Ribeiro (PR) 49%, Marcelo Miranda (PMDB) 39%, Vicentinho Alves (PR) 35%, Paulo Mourão (PT) 30%."
2010-TO-080,2010,TO,Ibope,18-20/09,149.0,4,duas_mencoes_agregadas,False,False,2010-10-02T07:00:00-03:00,https://www.congressoemfoco.com.br/noticia/82698/a-disputa-para-o-senado-estado-por-estado,"Ibope 18-20/09 - Marcelo Miranda (PMDB) 46%, João Ribeiro (PR) 46%, Paulo Mourão (PT) 29%, Vicentinho Alves (PR) 28%."
2010-TO-081,2010,TO,Serpes,06-10/09,76.0,4,nao_identificado,False,False,2010-10-02T07:00:00-03:00,https://www.congressoemfoco.com.br/noticia/82698/a-disputa-para-o-senado-estado-por-estado,"Serpes 06-10/09 - Marcelo Miranda (PMDB) 22,6%, João Ribeiro (PR) 22,4%, Paulo Mourão (PT) 16,6%, Vicentinho Alves (PR) 14,4%."
